Rank,Player,Country,Position,Passes,Passes Completed,Passing Accuracy (%),Crosses,Crossing Accuracy (%),Take-Ons Completed,Defensive Linebreaks Attempted,Defensive Linebreaks Acc (%),Switches of Play Attempted,Switches of Play Acc (%)
1,Rodri,ESP,MF,694,648,93,3,0,1,16,94,5,80
2,Aymeric Laporte,ESP,DF,568,533,94,0,0,0,10,60,7,100
3,Pau Cubarsi,ESP,DF,566,547,97,1,0,0,6,67,1,100
4,Leandro Paredes,ARG,MF,521,496,95,2,50,1,5,60,6,100
5,Enzo Fernandez,ARG,MF,483,448,93,5,40,5,20,75,8,88
6,Manuel Akanji,SUI,DF,479,444,93,0,0,0,8,88,8,100
7,Granit Xhaka,SUI,MF,470,427,91,4,0,2,15,47,8,100
8,Marc Guehi,ENG,DF,455,442,97,0,0,2,8,88,4,75
9,Achraf Hakimi,MAR,DF,449,402,90,38,32,11,7,86,6,83
10,Ezri Konsa,ENG,DF,440,423,96,3,0,1,3,100,3,67
11,Nico Elvedi,SUI,DF,438,406,93,0,0,3,2,50,5,100
12,Elliot Anderson,ENG,MF,434,385,89,6,50,1,17,71,10,90
13,Neil El Aynaoui,MAR,MF,433,405,94,0,0,1,3,0,3,67
14,Gabriel Magalhaes,BRA,DF,431,413,96,0,0,0,2,50,2,100
15,Dayot Upamecano,FRA,DF,429,396,92,0,0,2,6,67,4,100
16,Sander Berge,NOR,MF,425,412,97,2,0,1,4,75,2,100
17,Lisandro Martinez,ARG,DF,424,401,95,3,0,2,9,67,1,100
18,Pedri,ESP,MF,410,364,89,14,36,2,14,71,2,100
19,Vitinha,POR,MF,403,379,94,0,0,2,7,71,11,100
20,Alexis Mac Allister,ARG,MF,400,368,92,1,0,1,2,0,3,100
21,Brandon Mechele,BEL,DF,399,369,92,0,0,1,4,50,2,100
22,Marc Cucurella,ESP,DF,389,358,92,13,23,1,12,50,2,100
22,Cristian Romero,ARG,DF,389,378,97,0,0,3,1,0,0,0
24,Ramy Bensebaini,ALG,DF,385,359,93,0,0,1,8,38,1,100
25,Aissa Mandi,ALG,DF,382,357,93,0,0,0,5,20,10,90
26,Marquinhos,BRA,DF,380,367,97,1,100,0,4,75,6,100
27,Jonathan Tah,GER,DF,375,364,97,1,0,1,3,100,1,100
28,Joshua Kimmich,GER,DF,368,336,91,25,20,1,9,56,2,100
29,Martin Odegaard,NOR,MF,367,322,88,16,19,3,18,56,0,0
30,Davinson Sanchez,COL,DF,361,324,90,0,0,1,10,20,6,100
31,Jan Paul Van Hecke,NED,DF,360,335,93,1,0,1,5,60,4,75
31,Michael Olise,FRA,FW,360,311,86,20,25,16,26,73,2,100
33,Marawan Attia,EGY,MF,357,313,88,8,38,0,15,47,8,100
34,Jules Kounde,FRA,DF,349,310,89,15,13,0,7,43,0,0
35,Virgil Van Dijk,NED,DF,347,330,95,0,0,1,1,100,1,100
36,Renato Veiga,POR,DF,336,320,95,0,0,1,4,50,1,100
37,Lionel Messi,ARG,FW,332,261,79,41,41,22,32,63,5,80
38,Issa Diop,MAR,DF,326,299,92,0,0,0,3,0,1,100
39,Remo Freuler,SUI,MF,324,299,92,5,20,0,7,71,2,0
40,William Saliba,FRA,DF,315,307,97,0,0,1,1,0,2,100
40,Azzedine Ounahi,MAR,MF,315,281,89,6,33,8,17,65,3,100
42,Adrien Rabiot,FRA,MF,311,286,92,2,0,2,11,73,1,100
43,Pedro Porro,ESP,DF,305,274,90,16,31,3,12,33,7,100
44,Torbjorn Heggem,NOR,DF,301,282,94,0,0,1,4,25,0,0
45,Rodrigo De Paul,ARG,MF,298,274,92,12,42,2,9,67,1,100
45,Tim Ream,USA,DF,298,281,94,0,0,2,6,33,5,100
47,Pedro Vite,ECU,MF,297,269,91,7,43,1,9,56,2,100
48,Moises Caicedo,ECU,MF,295,264,89,16,44,0,13,54,3,100
48,Ricardo Rodriguez,SUI,DF,295,243,82,17,18,1,24,33,4,50
50,Danilo,BRA,DF,294,262,89,7,29,1,6,50,1,100
51,Chris Richards,USA,DF,291,277,95,0,0,0,2,0,2,100
52,Gustavo Puerta,COL,DF,290,264,91,2,0,4,4,50,3,67
52,Moussa Niakhate,SEN,DF,290,271,93,2,50,0,1,100,4,75
54,Jhon Lucumi,COL,DF,285,262,92,0,0,1,6,17,12,100
55,Alex Freeman,USA,DF,283,256,90,4,0,13,9,67,4,75
55,Krepin Diatta,SEN,DF,283,255,90,10,40,6,4,75,1,100
57,Mohamed Hany,EGY,DF,282,245,87,17,24,4,9,56,1,100
57,Nuno Mendes,POR,DF,282,239,85,21,29,8,17,53,4,100
59,Stephen Eustaquio,CAN,MF,281,244,87,42,38,2,15,60,3,100
60,Ime Okon,RSA,DF,280,257,92,0,0,0,2,50,2,50
60,Nabil Bentaleb,ALG,MF,280,255,91,1,0,0,3,67,1,0
62,Bruno Fernandes,POR,MF,278,239,86,22,23,3,20,65,10,90
63,Noussair Mazraoui,MAR,DF,275,251,91,4,0,5,5,40,0,0
63,Douglas Santos,BRA,DF,275,256,93,6,17,0,5,60,0,0
65,Jefferson Lerma,COL,MF,274,242,88,2,50,1,2,0,1,100
66,Kristoffer Ajer,NOR,DF,273,256,94,2,100,3,1,100,0,0
67,Florian Wirtz,GER,MF,271,223,82,12,42,14,15,67,2,100
68,Idrissa Gana Gueye,SEN,MF,270,243,90,1,0,0,8,63,5,100
69,Unai Simon,ESP,GK,269,219,81,0,0,0,3,33,2,100
70,Ousmane Dembele,FRA,FW,268,214,80,35,17,9,26,62,6,83
71,Josip Sutalo,CRO,DF,267,241,90,0,0,3,4,0,7,71
71,Lucas Digne,FRA,DF,267,237,89,16,6,0,8,50,1,100
73,Jordan Pickford,ENG,GK,265,190,72,0,0,0,12,42,3,33
74,Ayyoub Bouaddi,MAR,MF,264,237,90,0,0,6,1,100,1,100
75,Timothy Castagne,BEL,DF,263,230,87,20,35,1,8,75,2,50
75,Manu Kone,FRA,MF,263,242,92,1,0,2,3,100,2,50
77,Joao Neves,POR,MF,261,247,95,2,50,3,9,56,3,67
78,Aleksandar Pavlovic,GER,MF,260,240,92,1,0,1,1,0,1,100
78,Yasser Ibrahim,EGY,DF,260,239,92,0,0,2,1,0,1,100
80,Youri Tielemans,BEL,MF,255,221,87,14,21,3,10,50,5,60
80,Gregor Kobel,SUI,GK,255,190,75,0,0,0,6,0,2,50
82,Aurelien Tchouameni,FRA,MF,254,239,94,2,0,0,1,100,2,100
83,Ruben Dias,POR,DF,249,233,94,0,0,1,6,33,1,100
83,Nahuel Molina,ARG,DF,249,215,86,6,0,1,5,40,1,100
85,Declan Rice,ENG,MF,248,225,91,36,33,2,10,50,4,75
85,Luka Modric,CRO,MF,248,225,91,9,44,2,9,44,2,100
87,Antonio Ruediger,GER,DF,246,230,93,1,0,0,4,25,0,0
87,Maxim De Cuyper,BEL,DF,246,203,83,16,25,3,9,44,2,100
87,Fabian Ruiz,ESP,MF,246,220,89,7,29,0,11,64,3,100
90,Ramy Rabia,EGY,DF,244,224,92,0,0,0,2,50,8,50
90,Fares Chaibi,ALG,MF,244,220,90,7,0,3,10,50,3,100
92,Frenkie De Jong,NED,MF,243,224,92,0,0,1,5,80,2,100
93,Abdulkerim Bardakci,TUR,DF,242,222,92,6,33,1,3,33,5,60
94,Alistair Johnston,CAN,DF,240,184,77,24,25,3,17,53,2,100
94,Jhon Arias,COL,MF,240,227,95,6,17,6,7,71,3,100
96,Willian Pacho,ECU,DF,238,217,91,0,0,1,2,0,0,0
96,Bilal El Khannouss,MAR,MF,238,186,78,14,14,6,23,65,2,100
98,Ronwen Williams,RSA,GK,237,179,76,0,0,0,7,29,3,67
98,James Rodriguez,COL,MF,237,199,84,17,29,2,14,50,9,67
98,Johan Vasquez,MEX,DF,237,221,93,0,0,0,4,50,1,100
101,Lee Gihyuk,KOR,MF,236,217,92,4,0,1,3,0,4,100
102,Tyler Adams,USA,MF,231,211,91,0,0,0,6,67,1,100
103,Nicolas Raskin,BEL,MF,230,197,86,8,38,0,8,0,1,100
104,Mathias Olivera,URU,DF,226,213,94,3,0,1,6,50,3,100
104,Kim Minjae,KOR,DF,226,221,98,0,0,1,0,0,0,0
104,Chadi Riad,MAR,DF,226,212,94,0,0,1,1,0,1,100
107,Casemiro,BRA,MF,224,200,89,4,25,1,8,50,4,100
108,David Alaba,AUT,DF,222,198,89,1,0,0,5,80,1,0
109,Jude Bellingham,ENG,MF,221,185,84,9,11,12,20,45,5,100
109,Antonee Robinson,USA,DF,221,181,82,18,22,10,13,46,2,50
109,Alessandro Circati,AUS,DF,221,177,80,1,0,1,10,60,4,75
112,Weston Mckennie,USA,MF,220,173,79,11,27,6,27,74,4,75
113,Nathan Ngoy,BEL,DF,219,205,94,0,0,0,4,25,4,100
114,Hwang Inbeom,KOR,MF,218,193,89,3,67,1,5,80,2,100
115,Nico Oreilly,ENG,DF,216,200,93,6,50,4,6,67,2,100
116,Daniel Munoz,COL,DF,213,194,91,9,22,0,5,20,0,0
116,Mbekezeli Mbokazi,RSA,DF,213,185,87,2,0,2,7,57,3,67
118,Lamine Yamal,ESP,FW,212,181,85,35,20,30,32,72,3,100
119,Yassine Bounou,MAR,GK,211,142,67,0,0,0,9,0,0,0
119,Emiliano Martinez,ARG,GK,211,161,76,0,0,0,8,25,0,0
119,Rayan Ait Nouri,ALG,DF,211,190,90,9,0,12,7,57,0,0
122,Mike Maignan,FRA,GK,210,164,78,0,0,0,3,33,1,100
123,Mateo Kovacic,CRO,MF,208,198,95,0,0,2,3,67,2,100
124,Emam Ashour,EGY,MF,207,176,85,3,0,3,7,57,3,100
125,Gustaf Lagerbielke,SWE,DF,206,173,84,1,0,1,7,57,1,100
126,Orjan Nyland,NOR,GK,204,138,68,0,0,0,6,0,2,50
127,Dani Olmo,ESP,FW,203,186,92,1,0,12,15,73,2,100
128,Richie Laryea,CAN,DF,202,167,83,4,25,2,15,60,1,100
128,Camilo Vargas,COL,GK,202,157,78,0,0,0,10,20,0,0
128,Johan Mojica,COL,DF,202,161,80,12,17,0,8,38,1,100
131,Roberto Alvarado,MEX,FW,201,163,81,34,32,7,17,47,1,100
131,Lewis Ferguson,SCO,MF,201,185,92,9,11,0,3,33,1,100
133,Victor Lindelof,SWE,DF,200,190,95,0,0,0,3,67,1,100
133,Bruno Guimaraes,BRA,MF,200,161,81,12,17,0,15,33,4,75
133,Daichi Kamada,JPN,MF,200,170,85,4,50,1,6,50,3,100
133,Lee Hanbeom,KOR,DF,200,183,92,2,50,0,3,33,1,100
133,Marin Pongracic,CRO,DF,200,182,91,0,0,0,1,0,1,100
138,Leandro Trossard,BEL,FW,199,171,86,11,45,10,11,55,4,75
138,Kylian Mbappe,FRA,FW,199,173,87,9,11,24,26,77,9,89
138,Erik Lira,MEX,MF,199,182,91,2,100,2,2,0,5,100
138,Harry Souttar,AUS,DF,199,171,86,0,0,1,8,38,3,33
138,Hiroki Ito,JPN,DF,199,178,89,10,20,0,11,27,2,50
143,Julian Alvarez,ARG,FW,198,170,86,1,0,3,2,50,4,100
143,Thibaut Courtois,BEL,GK,198,144,73,0,0,0,5,0,0,0
143,Arda Guler,TUR,FW,198,170,86,14,29,6,9,67,5,80
143,Alex Baena,ESP,MF,198,162,82,37,19,3,16,63,2,100
147,Teboho Mokoena,RSA,MF,196,176,90,3,0,1,6,50,4,100
148,Diney Borges,CPV,DF,195,158,81,0,0,0,8,13,9,44
149,Luc De Fougerolles,CAN,DF,191,170,89,1,0,0,6,67,1,0
149,Mohanad Lashin,EGY,MF,191,169,88,2,0,2,7,29,6,100
151,Ibrahim Sangare,CIV,MF,190,172,91,1,0,0,4,50,1,100
151,Lucas Paqueta,BRA,MF,190,162,85,5,0,2,8,63,1,100
151,Hakan Calhanoglu,TUR,MF,190,171,90,10,10,0,5,60,7,86
154,Piero Hincapie,ECU,DF,189,160,85,15,13,2,13,31,0,0
154,Leroy Sane,GER,MF,189,161,85,11,18,7,9,44,0,0
156,Franck Kessie,CIV,MF,188,165,88,4,0,2,13,46,2,50
157,Khuliso Mudau,RSA,DF,187,168,90,5,20,3,5,20,0,0
158,David Moller Wolfe,NOR,DF,186,162,87,7,14,3,7,43,0,0
159,Kevin De Bruyne,BEL,MF,185,153,83,21,24,5,21,48,2,100
159,Denis Zakaria,SUI,MF,185,160,86,14,14,3,10,70,0,0
161,Reece James,ENG,DF,184,169,92,11,27,2,8,38,3,33
161,John Stones,ENG,DF,184,178,97,0,0,0,1,100,3,100
161,Joao Cancelo,POR,DF,184,160,87,12,33,6,9,56,4,75
164,Rafik Belghali,ALG,DF,183,168,92,5,40,3,3,67,0,0
164,Jose Cordoba,PAN,DF,183,169,92,1,0,1,1,100,2,100
166,Ahmed Fatouh,EGY,DF,182,163,90,7,14,1,11,64,0,0
166,Gideon Mensah,GHA,DF,182,156,86,3,0,1,6,33,2,100
166,Pico Lopes,CPV,DF,182,153,84,0,0,0,7,14,5,60
169,Jack Hendry,SCO,DF,180,171,95,0,0,0,2,0,1,0
170,Denzel Dumfries,NED,DF,179,147,82,17,29,1,13,54,0,0
171,Fredrik Aursnes,NOR,MF,178,158,89,4,25,1,5,20,1,100
171,Andres Andrade,PAN,DF,178,147,83,8,0,0,7,29,5,80
173,Nicolas Tagliafico,ARG,DF,177,158,89,4,25,0,7,43,0,0
174,Desire Doue,FRA,FW,175,148,85,5,40,9,14,43,2,100
174,Ferdi Kadioglu,TUR,DF,175,161,92,4,0,1,9,78,1,0
176,Patrick Berg,NOR,MF,174,161,93,13,38,5,1,0,2,100
176,Rodrigo Bentancur,URU,MF,174,157,90,3,0,4,2,50,0,0
178,Sead Kolasinac,BIH,DF,173,141,82,9,11,1,5,20,0,0
179,Aiden Oneill,AUS,MF,172,142,83,8,50,3,12,42,3,33
179,Sebastian Caceres,URU,DF,172,154,90,1,0,0,4,50,3,100
181,Marko Stamenic,NZL,MF,171,156,91,2,50,2,9,44,1,100
182,Thiago Almada,ARG,FW,170,154,91,1,0,3,2,50,2,100
182,Cesar Montes,MEX,DF,170,156,92,2,0,0,5,40,2,100
182,Derek Cornelius,CAN,DF,170,151,89,1,0,0,2,50,1,0
185,Arthur Masuaku,COD,DF,169,141,83,14,21,2,6,67,5,80
186,Jesus Gallardo,MEX,DF,167,140,84,19,21,3,11,18,2,100
187,Luis Diaz,COL,FW,166,145,87,6,17,7,14,50,10,100
187,Vozinha,CPV,GK,166,117,70,0,0,1,2,0,0,0
187,Anass Salah Eddine,MAR,DF,166,152,92,3,0,0,1,100,0,0
190,Brahim Diaz,MAR,FW,165,142,86,8,38,15,13,46,0,0
190,Nikola Katic,BIH,DF,165,148,90,0,0,0,1,0,0,0
192,Hans Vanaken,BEL,MF,164,153,93,3,0,1,2,50,2,100
192,Kevin Danso,AUT,DF,164,147,90,1,0,2,1,0,1,100
192,Arthur Theate,BEL,DF,164,153,93,0,0,0,0,0,0,0
195,Guela Doue,CIV,DF,163,143,88,11,45,0,9,56,2,100
195,Malik Tillman,USA,MF,163,129,79,15,27,7,18,50,2,100
195,Nicolas Otamendi,ARG,DF,163,156,96,0,0,0,1,100,1,100
198,Josip Stanisic,CRO,DF,162,140,86,5,20,2,9,67,3,100
198,Chancel Mbemba,COD,DF,162,130,80,4,0,2,7,43,3,100
200,Pape Gueye,SEN,MF,161,138,86,3,33,1,13,54,5,100
201,Ladislav Krejci,CZE,DF,160,135,84,2,50,0,2,50,1,100
201,Ao Tanaka,JPN,MF,160,145,91,0,0,3,1,0,0,0
201,Djed Spence,ENG,DF,160,142,89,9,0,4,12,75,0,0
204,Orlando Gill,PAR,GK,159,68,43,0,0,0,10,0,1,100
204,Lee Kangin,KOR,MF,159,140,88,20,25,9,12,75,7,86
206,Kevin Pina,CPV,MF,156,134,86,1,0,3,1,0,3,67
207,Axel Tuanzebe,COD,DF,155,140,90,0,0,0,0,0,2,100
207,Pedro Neto,POR,FW,155,137,88,13,23,7,11,73,2,50
207,Raul Rangel,MEX,GK,155,120,77,0,0,0,4,0,1,100
207,Nikola Vasilj,BIH,GK,155,94,61,0,0,0,4,0,0,0
211,Emmanuel Agbadou,CIV,DF,154,142,92,0,0,0,1,0,0,0
212,Tarik Muharemovic,BIH,DF,153,132,86,0,0,1,3,67,3,100
212,Stjepan Radeljic,BIH,DF,153,137,90,0,0,0,2,100,2,50
212,Edson Alvarez,MEX,DF,153,138,90,2,50,1,3,0,4,75
212,Nicolas Seiwald,AUT,MF,153,141,92,3,33,0,2,100,1,100
212,Andy Robertson,SCO,DF,153,124,81,11,36,1,7,14,3,33
217,Thomas Partey,GHA,MF,152,134,88,0,0,1,4,50,0,0
217,Marcos Llorente,ESP,DF,152,142,93,6,33,1,5,80,0,0
217,Paik Seungho,KOR,MF,152,135,89,1,0,0,7,43,1,100
220,Hannes Delcroix,HAI,DF,151,146,97,1,0,0,2,50,1,100
221,Ivan Perisic,CRO,FW,150,132,88,19,16,2,9,56,1,100
221,Konrad Laimer,AUT,MF,150,130,87,7,14,3,8,63,0,0
223,Julian Ryerson,NOR,FW,149,131,88,14,50,3,13,46,0,0
223,Odilon Kossounou,CIV,DF,149,141,95,0,0,0,1,100,0,0
223,Ghislain Konan,CIV,DF,149,124,83,9,22,9,9,44,2,100
226,Akam Hashim,IRQ,DF,148,126,85,0,0,4,3,33,1,100
226,Alan Franco,ECU,MF,148,140,95,4,0,0,3,33,0,0
228,Gonzalo Plata,ECU,FW,147,118,80,9,11,8,8,38,1,100
228,Mostafa Shoubir,EGY,GK,147,114,78,0,0,0,3,0,0,0
228,Gabriel Gudmundsson,SWE,DF,147,112,76,5,20,1,7,14,2,100
228,Riyad Mahrez,ALG,FW,147,127,86,9,33,0,9,67,6,100
228,Samuel Moutoussamy,COD,MF,147,122,83,1,100,0,6,17,4,100
233,Finn Surman,NZL,DF,145,135,93,0,0,0,1,100,0,0
234,Joe Bell,NZL,MF,143,120,84,0,0,2,0,0,1,100
235,Yan Diomande,CIV,FW,142,127,89,21,24,15,15,53,1,100
235,Vinicius Junior,BRA,FW,142,116,82,15,40,23,21,76,4,100
237,Ibrahim Maza,ALG,MF,141,111,79,1,0,12,13,46,1,100
237,Merchas Doski,IRQ,DF,141,115,82,3,67,0,13,23,1,100
237,Shoja Khalilzadeh,IRN,DF,141,118,84,0,0,0,1,0,2,100
240,Philipp Lienhart,AUT,DF,140,128,91,0,0,0,3,67,1,100
241,Lionel Mpasi,COD,GK,139,94,68,0,0,0,5,0,0,0
241,Pathe Ciss,SEN,MF,139,128,92,0,0,0,0,0,8,75
241,Aubrey Modiba,RSA,DF,139,115,83,8,50,1,9,33,1,100
241,Facundo Medina,ARG,DF,139,131,94,4,50,0,1,100,0,0
245,Xaver Schlager,AUT,MF,138,130,94,1,0,1,1,100,0,0
246,Aaron Wan Bissaka,COD,DF,137,109,80,7,29,2,5,60,0,0
247,Sebastian Berhalter,USA,MF,136,114,84,9,78,1,10,80,3,67
247,Manuel Ugarte,URU,MF,136,118,87,0,0,0,4,50,1,0
247,Ricardo Ade,HAI,DF,136,121,89,0,0,0,5,40,1,100
247,Mohamed Salah,EGY,FW,136,112,82,16,19,4,9,44,0,0
251,Julian Quinones,MEX,FW,135,111,82,4,50,5,7,100,2,100
252,Guillermo Varela,URU,DF,134,119,89,10,30,1,8,75,1,100
253,Alisson,BRA,GK,132,107,81,0,0,1,3,0,1,100
253,Stefan Posch,AUT,DF,132,98,74,2,0,0,11,36,0,0
253,Mikel Oyarzabal,ESP,FW,132,112,85,8,13,2,4,25,2,50
256,Nathaniel Brown,GER,DF,131,115,88,19,32,2,6,67,0,0
256,Felix Nmecha,GER,MF,131,120,92,2,0,5,4,75,1,0
256,Kaishu Sano,JPN,MF,131,124,95,1,100,2,1,100,1,100
256,Jorge Sanchez,MEX,DF,131,121,92,5,20,0,1,0,0,0
256,Lamine Camara,SEN,MF,131,117,89,8,50,2,4,50,1,100
261,Jean Ricner Bellegarde,HAI,MF,130,112,86,12,25,1,5,60,4,100
261,Hamdy Fathy,EGY,MF,130,119,92,1,0,0,3,0,3,100
263,Sadio Mane,SEN,FW,129,106,82,22,27,10,14,71,2,100
263,Sphephelo Sithole,RSA,MF,129,109,84,0,0,0,1,0,5,80
263,Ali Nemati,IRN,DF,129,114,88,3,33,0,3,0,2,100
263,Manuel Neuer,GER,GK,129,118,91,0,0,0,1,0,0,0
263,Dominik Livakovic,CRO,GK,129,95,74,0,0,0,0,0,0,0
263,Juan Jose Caceres,PAR,DF,129,80,62,9,11,6,13,31,2,50
269,Zidane Iqbal,IRQ,MF,128,118,92,1,100,5,2,50,5,100
269,Isak Hien,SWE,DF,128,122,95,0,0,0,1,0,1,100
271,Takehiro Tomiyasu,JPN,DF,127,109,86,1,0,1,6,33,2,0
271,Shogo Taniguchi,JPN,DF,127,122,96,1,0,0,1,0,0,0
271,Petar Sucic,CRO,MF,127,110,87,6,17,2,5,20,1,100
274,Marcel Sabitzer,AUT,MF,126,94,75,30,33,3,16,69,1,100
274,Ryan Gravenberch,NED,MF,126,111,88,5,20,5,3,67,0,0
276,Diogo Costa,POR,GK,125,98,78,0,0,0,5,20,2,0
276,Derrick Luckassen,GHA,DF,125,109,87,0,0,0,3,0,1,100
276,Christ Inao Oulai,CIV,MF,125,115,92,0,0,4,4,100,3,100
276,Amir Alammari,IRQ,MF,125,99,79,7,43,1,7,57,0,0
276,Leandro Bacuna,CUW,MF,125,108,86,4,0,4,4,25,1,100
281,Merih Demiral,TUR,DF,124,119,96,1,0,0,5,40,2,100
281,Jackson Irvine,AUS,MF,124,103,83,2,50,1,2,0,2,100
283,Rustam Ashurmatov,UZB,DF,123,101,82,0,0,0,4,0,1,100
283,Bart Verbruggen,NED,GK,123,89,72,0,0,0,2,0,0,0
283,Alexander Schlager,AUT,GK,123,106,86,0,0,0,0,0,0,0
283,Theo Hernandez,FRA,DF,123,117,95,4,25,1,2,50,1,100
283,Nico Schlotterbeck,GER,DF,123,110,89,0,0,1,3,67,4,75
283,Nathan Ake,NED,DF,123,112,91,1,0,0,3,0,0,0
283,Seol Youngwoo,KOR,DF,123,113,92,11,27,0,6,83,0,0
283,Maxime Crepeau,CAN,GK,123,92,75,0,0,0,2,0,1,0
283,Hannibal Mejbri,TUN,MF,123,94,76,9,33,2,11,55,7,71
292,Patrick Beach,AUS,GK,122,79,65,0,0,0,3,0,0,0
293,Kenan Yildiz,TUR,FW,121,108,89,8,13,8,10,70,1,0
293,Jiovany Ramos,PAN,DF,121,108,89,0,0,3,2,0,2,50
295,Federico Valverde,URU,MF,120,98,82,8,0,2,12,67,5,100
295,Jonas Adjetey,GHA,DF,120,105,88,0,0,0,0,0,4,75
297,Redouane Halhal,MAR,DF,119,113,95,0,0,0,0,0,1,100
297,Angus Gunn,SCO,GK,119,90,76,0,0,0,0,0,1,100
299,Otabek Shukurov,UZB,MF,117,103,88,1,0,2,3,33,3,100
299,Ismail Jakobs,SEN,DF,117,106,91,19,21,1,9,78,0,0
299,Andres Cubas,PAR,MF,117,97,83,0,0,0,1,0,1,100
299,Boualem Khoukhi,QAT,DF,117,94,80,1,0,0,8,25,3,100
299,Keito Nakamura,JPN,MF,117,100,85,9,33,5,10,80,0,0
299,Micky Van De Ven,NED,DF,117,105,90,3,0,1,3,67,0,0
299,Kai Havertz,GER,FW,117,101,86,3,67,1,2,0,0,0
306,Thomas Meunier,BEL,DF,116,98,84,8,38,1,8,38,2,50
306,Danley Jean Jacques,HAI,MF,116,102,88,2,0,1,1,0,3,100
306,Robin Hranac,CZE,DF,116,104,90,1,0,0,2,0,0,0
306,Noah Sadiki,COD,MF,116,103,89,1,100,3,3,33,0,0
306,Kim Seunggyu,KOR,GK,116,85,73,0,0,0,9,11,2,50
306,Junior Alonso,PAR,DF,116,69,59,1,0,0,7,29,2,100
312,Jerome Opoku,GHA,DF,115,95,83,0,0,1,7,43,7,57
312,Michael Boxall,NZL,DF,115,104,90,1,100,0,0,0,0,0
314,Yahia Fofana,CIV,GK,114,74,65,0,0,0,1,100,0,0
315,Karim Hafez,EGY,DF,113,99,88,2,0,1,2,50,1,100
315,Montassar Talbi,TUN,DF,113,107,95,0,0,0,0,0,4,75
315,Matias Galarza,PAR,MF,113,82,73,4,25,2,6,33,0,0
315,Joel Ordonez,ECU,DF,113,101,89,0,0,1,2,50,1,100
315,Anthony Gordon,ENG,FW,113,96,85,10,20,10,18,72,0,0
315,Saud Abdulhamid,KSA,DF,113,88,78,4,25,2,3,67,1,0
321,Amir Murillo,PAN,DF,112,88,79,8,50,5,12,58,1,100
321,Sherel Floranus,CUW,DF,112,95,85,0,0,1,3,33,1,100
323,Martin Experience,HAI,DF,111,93,84,6,0,1,6,33,3,100
323,Moise Bombito,CAN,DF,111,96,86,0,0,0,4,50,1,100
323,Noor Alrawabdeh,JOR,MF,111,84,76,0,0,4,10,40,5,80
323,Oscar Bobb,NOR,MF,111,102,92,2,0,6,5,20,0,0
323,Ismail Yuksek,TUR,MF,111,104,94,1,0,3,2,50,2,100
328,Vladimir Coufal,CZE,DF,110,79,72,20,30,1,10,60,1,0
328,Samir El Mourabet,MAR,MF,110,100,91,1,0,1,4,50,1,100
328,Alexander Sorloth,NOR,FW,110,88,80,5,20,2,5,100,0,0
328,Kou Itakura,JPN,DF,110,107,97,0,0,0,1,100,0,0
332,Zion Suzuki,JPN,GK,109,76,70,0,0,0,6,17,0,0
332,Steven Moreira,CPV,DF,109,88,81,4,75,3,3,0,0,0
332,Nathan Patterson,SCO,DF,109,94,86,2,0,1,3,0,1,100
332,Edgar Yoel Barcenas,PAN,MF,109,96,88,5,40,2,3,67,4,100
332,Ellyes Skhiri,TUN,MF,109,99,91,0,0,0,3,0,2,100
332,Nicolas Pepe,CIV,FW,109,93,85,10,30,5,10,60,0,0
338,Ismael Kone,CAN,MF,108,93,86,2,0,2,0,0,0,0
339,Jordan Bos,AUS,DF,107,94,88,8,38,8,8,38,1,100
339,Yasin Ayari,SWE,MF,107,84,79,17,29,2,2,0,3,67
339,Max Crocombe,NZL,GK,107,78,73,0,0,0,4,0,0,0
339,Nasser Aldawsari,KSA,MF,107,92,86,1,0,5,2,50,1,0
339,Benjamin Tahirovic,BIH,MF,107,91,85,2,0,0,2,0,1,100
339,Carlos Harvey,PAN,DF,107,85,79,1,0,4,3,33,6,67
339,Marcus Holmgren Pedersen,NOR,DF,107,87,81,7,43,0,4,0,0,0
346,Yazan Alarab,JOR,DF,106,94,89,0,0,2,1,0,0,0
346,Jamiro Monteiro,CPV,MF,106,87,82,6,33,0,3,33,0,0
346,Sofyan Amrabat,MAR,MF,106,98,92,0,0,0,3,67,2,100
346,Lucas Herrington,AUS,DF,106,101,95,0,0,0,0,0,0,0
346,Luis Romo,MEX,MF,106,93,88,2,50,0,5,40,0,0
351,Hernan Galindez,ECU,GK,105,70,67,0,0,0,5,60,0,0
351,Johny Placide,HAI,GK,105,67,64,0,0,0,2,0,0,0
351,Bradley Barcola,FRA,FW,105,94,90,7,14,10,10,70,0,0
351,Sidny Lopes Cabral,CPV,DF,105,87,83,11,9,3,3,33,0,0
351,Ritsu Doan,JPN,MF,105,89,85,5,0,1,5,80,0,0
351,Ramiz Zerrouki,ALG,MF,105,97,92,0,0,0,2,100,5,100
357,Mohamed Kanno,KSA,MF,104,97,93,1,0,1,6,67,3,100
357,Luca Zidane,ALG,GK,104,91,88,0,0,0,0,0,0,0
357,Andreas Schjelderup,NOR,MF,104,89,86,7,14,4,9,56,2,50
357,Jamal Musiala,GER,MF,104,86,83,8,0,10,9,67,0,0
357,John Yeboah,ECU,FW,104,85,82,9,44,9,9,67,1,0
357,Ivan Basic,BIH,MF,104,96,92,12,58,2,2,50,3,100
363,Jonathan David,CAN,FW,103,76,74,6,0,1,10,60,1,100
363,Orlando Mosquera,PAN,GK,103,74,72,0,0,0,2,0,2,100
363,Nico Gonzalez,ARG,MF,103,85,83,9,44,4,8,63,0,0
363,Juan Manuel Sanabria,URU,MF,103,89,86,12,0,0,4,75,0,0
367,Israel Reyes,MEX,DF,102,93,91,2,50,0,2,0,6,67
367,Sergino Dest,USA,DF,102,89,87,7,29,9,14,64,0,0
367,Ivan Sunjic,BIH,MF,102,88,86,1,0,0,2,0,1,0
367,Tomas Araujo,POR,DF,102,98,96,0,0,0,0,0,2,50
371,Grant Hanley,SCO,DF,101,94,93,0,0,0,5,40,3,100
371,Deroy Duarte,CPV,MF,101,87,86,1,100,0,2,50,1,100
371,Diego Gomez,PAR,MF,101,80,79,2,0,2,4,25,2,100
374,Cody Gakpo,NED,FW,100,79,79,10,10,7,18,67,1,0
375,Harry Kane,ENG,FW,99,73,74,3,33,1,11,55,2,100
375,Cristiano Ronaldo,POR,FW,99,86,87,1,0,0,4,25,0,0
375,Leo Ostigard,NOR,DF,99,84,85,0,0,0,0,0,4,25
375,Rayan,BRA,FW,99,93,94,10,20,5,5,100,1,100
375,Elijah Just,NZL,MF,99,85,86,1,0,4,5,20,2,50
375,Amar Dedic,BIH,DF,99,80,81,0,0,8,1,0,3,100
375,Abdulelah Alamri,KSA,DF,99,81,82,1,100,0,3,67,0,0
375,Saeid Ezatolahi,IRN,MF,99,78,79,0,0,1,4,50,0,0
375,Oswin Appollis,RSA,FW,99,82,83,7,14,5,3,33,1,100
384,Mohamed Amine Ben Hmida,TUN,DF,98,81,83,0,0,0,1,0,1,0
384,Ugurcan Cakir,TUR,GK,98,77,79,0,0,0,0,0,1,100
384,Abdukodir Khusanov,UZB,DF,98,81,83,0,0,0,1,0,1,100
384,Ramin Rezaeian,IRN,DF,98,68,69,17,29,1,12,50,0,0
388,Abdallah Nasib,JOR,DF,97,70,72,0,0,0,1,0,0,0
388,Thalente Mbatha,RSA,MF,97,82,85,4,0,0,4,50,1,100
388,Omar Alderete,PAR,DF,97,70,72,0,0,1,3,33,2,50
388,Djibril Sow,SUI,MF,97,83,86,4,25,0,7,57,1,100
388,Matej Kovar,CZE,GK,97,62,64,0,0,0,3,33,0,0
388,Armando Obispo,CUW,DF,97,87,90,0,0,1,1,100,1,100
394,Maxence Lacroix,FRA,DF,96,91,95,0,0,2,0,0,1,100
394,Scott Mctominay,SCO,MF,96,87,91,0,0,4,1,100,2,100
396,Mory Diaw,SEN,GK,95,64,67,0,0,0,2,0,1,100
396,Ismael Saibari,MAR,MF,95,80,84,7,29,4,8,75,1,100
396,Tajon Buchanan,CAN,FW,95,76,80,17,18,6,9,56,1,100
396,Matt Freese,USA,GK,95,63,66,0,0,0,2,0,0,0
400,Exequiel Palacios,ARG,MF,94,89,95,0,0,0,0,0,0,0
400,Giovanni Reyna,USA,MF,94,79,84,1,0,1,9,78,1,100
400,Noni Madueke,ENG,FW,94,82,87,22,41,10,14,79,0,0
403,Martin Baturina,CRO,MF,93,80,86,10,20,8,8,50,1,100
403,Callum Mccowatt,NZL,MF,93,78,84,2,0,1,3,33,0,0
403,Akram Afif,QAT,FW,93,73,78,12,33,2,12,42,3,67
403,Mohammed Alowais,KSA,GK,93,53,57,0,0,0,4,0,0,0
403,Mahmoud Abunada,QAT,GK,93,50,54,0,0,0,8,0,0,0
403,Alireza Beiranvand,IRN,GK,93,62,67,0,0,2,2,0,1,100
403,Nathan Saliba,CAN,MF,93,79,85,4,25,1,4,75,1,100
403,Kwasi Sibo,GHA,MF,93,88,95,0,0,1,1,100,2,100
403,Omar Rekik,TUN,DF,93,77,83,2,0,0,4,25,1,100
412,Wilfried Singo,CIV,DF,92,79,86,1,0,3,0,0,0,0
412,Dan Ndoye,SUI,FW,92,73,79,13,15,8,10,50,0,0
414,Marvin Senaya,GHA,DF,91,75,82,8,25,1,4,75,1,100
414,Romano Schmid,AUT,MF,91,65,71,4,50,1,5,40,1,100
414,Charles De Ketelaere,BEL,FW,91,72,79,5,0,3,13,46,1,0
414,Nelson Semedo,POR,DF,91,84,92,5,0,3,3,0,0,0
414,Gustavo Gomez,PAR,DF,91,80,88,0,0,0,0,0,0,0
419,Matheus Cunha,BRA,FW,90,78,87,5,0,3,11,36,0,0
419,Kerim Alajbegovic,BIH,FW,90,69,77,16,6,12,13,77,1,0
419,Jeremy Doku,BEL,FW,90,74,82,11,36,21,16,81,0,0
419,Issa Laye,QAT,DF,90,85,94,0,0,1,1,0,0,0
423,Juan Quintero,COL,MF,89,74,83,12,33,1,11,64,8,88
423,El Hadji Malick Diouf,SEN,DF,89,74,83,9,33,0,7,71,0,0
423,Paul Okon Engstler,AUS,MF,89,77,87,1,100,1,6,83,2,100
423,Josko Gvardiol,CRO,DF,89,77,87,0,0,0,7,57,2,50
423,Eloy Room,CUW,GK,89,48,54,0,0,0,1,0,0,0
428,Ruben Vargas,SUI,FW,88,65,74,24,25,7,16,44,0,0
428,Liberato Cacace,NZL,DF,88,75,85,6,17,2,4,25,0,0
428,Lucas Bergvall,SWE,MF,88,80,91,2,0,2,2,100,0,0
431,Fabian Rieder,SUI,MF,87,71,82,16,0,2,10,40,2,100
431,Tim Payne,NZL,DF,87,72,83,9,11,1,3,0,0,0
431,Hassan Altambakti,KSA,DF,87,71,82,0,0,0,2,0,0,0
431,Mohannad Abutaha,JOR,MF,87,59,68,6,50,6,6,50,2,0
431,Gilberto Mora,MEX,MF,87,79,91,5,20,2,5,80,1,100
436,Hicham Boudaoui,ALG,MF,86,83,97,0,0,1,4,75,1,100
437,Junya Ito,JPN,MF,85,65,76,17,35,3,10,60,1,100
437,Orkun Kokcu,TUR,MF,85,60,71,6,0,2,4,25,0,0
439,Michal Sadilek,CZE,MF,84,69,82,11,18,0,4,50,2,100
439,Houssem Aouar,ALG,MF,84,79,94,1,100,1,3,100,0,0
439,Marcus Rashford,ENG,FW,84,73,87,16,13,5,16,75,1,100
442,Antonio Nusa,NOR,FW,83,62,75,7,14,10,6,33,1,100
442,Kalidou Koulibaly,SEN,DF,83,73,88,0,0,0,1,0,3,100
442,Mostafa Zico,EGY,MF,83,57,69,2,50,0,7,43,1,100
445,Rafael Leao,POR,FW,82,71,87,8,50,12,8,63,2,50
445,Aziz Behich,AUS,DF,82,60,73,6,17,1,1,0,1,100
445,Mikel Merino,ESP,MF,82,72,88,1,0,2,3,67,1,100
445,Ryan Mendes,CPV,FW,82,70,85,5,0,6,4,50,1,100
449,Salem Aldawsari,KSA,FW,81,58,72,2,0,7,4,75,1,100
449,Trezeguet,EGY,FW,81,68,84,3,0,4,5,40,1,100
449,Gonzalo Montiel,ARG,DF,81,69,85,5,0,0,0,0,0,0
449,Christian Pulisic,USA,FW,81,71,88,6,17,8,7,71,0,0
449,Mert Muldur,TUR,DF,81,72,89,6,17,0,4,100,0,0
449,Alexander Isak,SWE,FW,81,65,80,4,0,3,5,60,2,50
455,Connor Metcalfe,AUS,MF,80,65,81,8,13,3,7,71,1,0
455,Yan Valery,TUN,DF,80,54,68,7,29,3,8,13,1,100
455,Paul Wanner,AUT,MF,80,68,85,1,0,3,4,75,1,100
455,Milad Mohammadi,IRN,DF,80,66,83,4,0,6,4,75,0,0
455,Nizar Alrashdan,JOR,MF,80,62,78,0,0,5,7,43,2,100
455,Gustavo Velazquez,PAR,DF,80,57,71,4,0,0,6,17,3,100
461,Cesar Blackman,PAN,DF,79,69,87,0,0,4,2,100,0,0
461,Zeki Celik,TUR,DF,79,70,89,1,0,0,1,100,1,100
461,Akmal Mozgovoy,UZB,MF,79,65,82,0,0,2,8,50,3,67
461,Musab Aljuwayr,KSA,MF,79,64,81,7,43,1,7,43,0,0
465,Pedro Miguel,QAT,DF,78,59,76,2,50,2,7,29,2,100
465,Cristian Martinez,PAN,MF,78,57,73,12,17,1,9,22,1,0
465,Nilson Angulo,ECU,FW,78,63,81,8,38,16,14,50,0,0
465,Morgan Rogers,ENG,MF,78,64,82,6,17,3,11,82,0,0
465,Christopher Operi,CIV,DF,78,70,90,1,0,1,3,33,0,0
470,Omar Marmoush,EGY,FW,77,65,84,5,0,6,12,75,3,100
470,Moteb Alharbi,KSA,DF,77,57,74,2,0,1,5,20,0,0
470,Alvaro Fidalgo,MEX,MF,77,72,94,3,0,0,3,0,2,100
473,Bukayo Saka,ENG,FW,76,62,82,19,21,10,6,67,1,100
473,Rayan Cherki,FRA,MF,76,64,84,2,0,1,7,43,1,100
473,Michel Aebischer,SUI,MF,76,66,87,6,0,2,3,33,0,0
473,Ferran Torres,ESP,FW,76,58,76,5,0,2,11,45,0,0
473,Sarpreet Singh,NZL,MF,76,58,76,7,0,3,6,17,2,100
473,Anthony Elanga,SWE,FW,76,60,79,12,0,3,9,33,0,0
479,Anis Slimane,TUN,MF,75,59,79,4,50,0,2,50,2,100
479,Juninho Bacuna,CUW,MF,75,60,80,5,20,7,4,25,1,100
481,Ousmane Diomande,CIV,DF,74,72,97,0,0,0,0,0,0,0
481,Ali Abdi,TUN,DF,74,51,69,5,0,2,5,60,0,0
483,Amad Diallo,CIV,FW,73,69,95,7,29,7,4,100,1,100
483,Ismaila Sarr,SEN,FW,73,57,78,2,0,4,10,50,0,0
483,Silvan Widmer,SUI,DF,73,57,78,4,25,0,5,40,1,100
483,Jacob Widell Zetterstrom,SWE,GK,73,39,53,0,0,0,6,17,0,0
483,Yukinari Sugawara,JPN,DF,73,52,71,5,20,1,4,25,2,50
483,Ehsan Haddad,JOR,DF,73,54,74,7,29,1,9,78,0,0
483,Marcos Senesi,ARG,DF,73,70,96,0,0,0,1,0,0,0
483,Francisco Conceicao,POR,FW,73,65,89,5,40,4,7,86,0,0
491,Abdulla Abdullaev,UZB,DF,72,65,90,0,0,1,1,100,0,0
491,Breel Embolo,SUI,FW,72,56,78,1,0,2,8,63,0,0
491,Eldor Shomurodov,UZB,FW,72,52,72,1,0,5,4,25,0,0
494,Esmir Bajraktarevic,BIH,FW,71,58,82,8,0,3,0,0,0,0
494,Mehdi Taremi,IRN,FW,71,58,82,2,0,3,4,25,0,0
494,Ahmed Basil,IRQ,GK,71,42,59,0,0,0,3,0,0,0
494,Zaid Ismael,IRQ,MF,71,63,89,0,0,1,0,0,1,0
494,Fernando Muslera,URU,GK,71,57,80,0,0,0,1,0,0,0
494,Lautaro Martinez,ARG,FW,71,60,85,2,50,1,2,50,0,0
500,Viktor Gyokeres,SWE,FW,70,48,69,1,100,1,8,50,1,100
500,Caleb Yirenkyi,GHA,MF,70,62,89,1,0,2,4,25,0,0
502,Jean Kevin Duverne,HAI,DF,69,59,86,2,50,2,1,100,0,0
502,Mauricio,PAR,MF,69,54,78,12,17,1,4,25,1,100
502,Jarell Quansah,ENG,DF,69,60,87,1,0,0,1,0,1,0
502,Yoane Wissa,COD,FW,69,60,87,2,0,1,5,40,0,0
502,Karim Boudiaf,QAT,MF,69,65,94,0,0,0,4,50,0,0
502,Mohammad Mohebbi,IRN,MF,69,49,71,1,0,0,3,33,1,0
502,Ngalayel Mukau,COD,MF,69,60,87,0,0,1,1,100,0,0
509,Ali Lajami,KSA,DF,68,56,82,0,0,0,4,75,5,80
509,Julio Enciso,PAR,FW,68,55,81,7,43,11,3,33,2,50
509,Agustin Canobbio,URU,MF,68,61,90,9,33,2,5,60,0,0
509,Tyler Bindon,NZL,DF,68,49,72,0,0,1,6,33,2,50
509,Antoine Semenyo,GHA,MF,68,52,76,5,0,5,5,60,0,0
514,Ibrahim Mbaye,SEN,FW,67,63,94,8,13,4,9,44,0,0
514,Liam Millar,CAN,MF,67,50,75,10,20,4,8,50,0,0
514,Alexander Bernhardsson,SWE,DF,67,51,76,3,0,4,3,67,1,100
514,Jaouen Hadjam,ALG,DF,67,56,84,0,0,5,1,0,0,0
514,Giuliano Simeone,ARG,FW,67,60,90,4,0,1,3,100,0,0
514,Miguel Almiron,PAR,MF,67,49,73,4,0,6,6,67,0,0
514,Crysencio Summerville,NED,FW,67,56,84,8,13,5,6,83,0,0
514,Tijjani Reijnders,NED,MF,67,53,79,15,40,0,4,50,0,0
522,Yazeed Abulaila,JOR,GK,66,42,64,0,0,0,3,33,0,0
522,Tomas Holes,CZE,DF,66,55,83,0,0,1,1,0,3,100
522,Kristoffer Nordfeldt,SWE,GK,66,45,68,0,0,0,3,67,1,100
522,Cristian Volpato,AUS,FW,66,52,79,13,23,11,9,56,0,0
522,Raul Jimenez,MEX,FW,66,48,73,1,0,1,8,63,0,0
522,Deveron Fonville,CUW,DF,66,55,83,0,0,4,3,33,0,0
528,Ahmed Fathy,QAT,MF,65,59,91,0,0,0,2,0,1,100
528,Ali Ahmed,CAN,FW,65,51,78,15,20,3,5,40,1,100
528,Gabriel Martinelli,BRA,FW,65,59,91,3,33,1,3,67,0,0
528,Alexandr Sojka,CZE,MF,65,52,80,5,40,3,1,0,3,33
532,Zaid Tahseen,IRQ,DF,64,53,83,0,0,0,3,0,1,100
532,Mohammed Abu Alshamat,KSA,DF,64,51,80,3,0,0,4,25,1,0
532,Saman Ghoddos,IRN,MF,64,45,70,1,100,3,6,50,2,100
532,Amadou Onana,BEL,MF,64,57,89,0,0,1,1,100,0,0
532,Phillip Mwene,AUT,DF,64,56,88,6,0,0,2,50,0,0
532,Niko Sigur,CAN,DF,64,52,81,4,25,0,8,63,1,100
538,Joshua Brenet,CUW,DF,63,49,78,1,0,2,3,33,0,0
538,Kenny Mclean,SCO,MF,63,56,89,2,50,1,2,100,0,0
538,Teun Koopmeiners,NED,MF,63,54,86,4,50,0,2,50,2,100
541,Livano Comenencia,CUW,MF,62,50,81,1,100,2,4,50,0,0
541,Joao Paulo,CPV,MF,62,52,84,5,0,1,6,67,0,0
543,Carlens Arcus,HAI,DF,61,54,89,2,50,0,1,0,0,0
543,Tahith Chong,CUW,MF,61,51,84,0,0,9,11,64,0,0
543,Salih Ozcan,TUR,MF,61,52,85,1,0,0,3,33,2,100
543,Pervis Estupinan,ECU,DF,61,55,90,3,0,0,3,0,0,0
547,Brian Gutierrez,MEX,MF,60,53,88,6,0,1,2,50,1,100
547,Edouard Mendy,SEN,GK,60,49,82,0,0,0,0,0,1,100
547,Florian Grillitsch,AUT,MF,60,55,92,1,0,0,5,80,0,0
547,Joao Felix,POR,FW,60,47,78,4,0,5,9,33,0,0
551,Bernardo Silva,POR,MF,59,55,93,0,0,1,0,0,0,0
551,Benjamin Asare,GHA,GK,59,41,69,0,0,0,4,25,0,0
551,Iliman Ndiaye,SEN,FW,59,53,90,2,0,6,4,50,0,0
551,Lee Jaesung,KOR,MF,59,46,78,1,0,0,2,100,1,0
551,Azizjon Ganiev,UZB,MF,59,48,81,6,0,1,3,0,1,100
551,Eren Elmali,TUR,DF,59,52,88,4,25,2,1,100,1,100
557,Elisha Owusu,GHA,MF,58,50,86,4,25,2,1,0,0,0
557,Miles Robinson,USA,DF,58,54,93,0,0,0,0,0,1,100
557,Abdullah Alkhaibari,KSA,MF,58,48,83,0,0,1,1,0,0,0
557,Husam Abudahab,JOR,DF,58,43,74,0,0,0,1,100,0,0
557,Son Heungmin,KOR,FW,58,49,84,3,33,4,2,50,0,0
557,Amine Gouiri,ALG,FW,58,51,88,1,0,1,0,0,0,0
563,Maxi Araujo,URU,MF,57,50,88,18,44,7,7,86,0,0
564,Richard Rios,COL,MF,56,47,84,2,0,3,1,100,1,100
564,Nico Paz,ARG,FW,56,54,96,1,0,1,2,100,2,100
564,Cameron Burgess,AUS,DF,56,45,80,0,0,0,2,50,1,0
564,Abduvohid Nematov,UZB,GK,56,28,50,0,0,0,4,0,0,0
564,Kim Jingyu,KOR,MF,56,54,96,1,0,0,2,100,0,0
569,Steve Kapuadi,COD,DF,55,46,84,0,0,0,0,0,1,0
569,Nicolas De La Cruz,URU,MF,55,45,82,4,50,0,7,43,4,100
569,John Mcginn,SCO,MF,55,47,85,9,56,1,7,57,1,0
569,Dodi Lukebakio,BEL,FW,55,44,80,7,14,10,6,83,1,100
569,Behruzjon Karimov,UZB,DF,55,43,78,2,50,5,3,33,2,0
574,Johan Manzambi,SUI,MF,54,43,80,7,43,5,7,57,0,0
574,Relebohile Mofokeng,RSA,FW,54,44,81,2,0,0,6,50,2,100
574,Chemsdine Talbi,MAR,MF,54,47,87,9,11,1,3,33,0,0
574,Habib Diarra,SEN,MF,54,52,96,1,0,0,2,50,0,0
574,Jurien Gaari,CUW,DF,54,41,76,0,0,0,1,0,0,0
579,Joe Scally,USA,DF,53,46,87,4,25,0,2,50,0,0
579,Luis Suarez,COL,FW,53,39,74,3,33,2,2,50,0,0
581,Josue Casimir,HAI,FW,52,43,83,2,0,2,3,33,0,0
581,Amar Memic,BIH,MF,52,39,75,5,0,1,4,0,0,0
581,Park Jinseob,KOR,DF,52,49,94,0,0,0,1,0,0,0
581,Scott Mckenna,SCO,DF,52,49,94,0,0,0,1,0,1,100
581,Yunus Akgun,TUR,FW,52,41,79,2,50,1,2,0,0,0
581,Ben Gannon Doak,SCO,FW,52,47,90,7,29,3,1,100,0,0
581,Nkosinathi Sibisi,RSA,DF,52,42,81,0,0,0,1,100,3,100
581,Lawrence Ati Zigi,GHA,GK,52,39,75,0,0,0,2,0,0,0
581,David Raum,GER,DF,52,44,85,14,21,1,4,50,1,0
590,Jalal Hassan,IRQ,GK,51,33,65,0,0,0,0,0,0,0
590,Feras Albrikan,KSA,FW,51,32,63,0,0,0,5,0,0,0
590,Mark Mckenzie,USA,DF,51,47,92,0,0,0,1,0,0,0
590,Giovani Lo Celso,ARG,MF,51,47,92,1,100,0,0,0,0,0
590,Pavel Sulc,CZE,FW,51,39,76,1,100,2,3,0,0,0
595,Benjamin Nygren,SWE,MF,50,46,92,6,33,2,4,50,0,0
595,Ayumu Seko,JPN,DF,50,42,84,0,0,0,2,0,0,0
595,Mario Pasalic,CRO,MF,50,45,90,0,0,0,1,100,0,0
595,Auston Trusty,USA,DF,50,38,76,2,0,0,2,0,1,100
599,Elliot Stroud,SWE,DF,49,38,78,6,33,3,6,50,0,0
599,Thapelo Maseko,RSA,FW,49,37,76,2,0,8,5,40,0,0
601,Pape Matar Sarr,SEN,MF,48,43,90,1,0,0,2,50,0,0
601,Aymen Dahmen,TUN,GK,48,24,50,0,0,0,1,100,1,0
601,Ruben Providence,HAI,FW,48,42,88,7,29,4,3,67,0,0
601,Jose Luis Rodriguez,PAN,MF,48,35,73,16,13,2,3,33,2,50
601,Ali Olwan,JOR,FW,48,36,75,8,38,6,4,50,1,100
601,Ibrahim Bayesh,IRQ,MF,48,40,83,1,0,6,3,33,0,0
601,Juergen Locadia,CUW,FW,48,37,77,0,0,0,1,100,1,100
601,Lukas Provod,CZE,MF,48,37,77,2,50,1,3,100,0,0
601,Edin Dzeko,BIH,FW,48,33,69,2,50,2,3,67,1,100
601,Sherzod Nasrullaev,UZB,DF,48,35,73,3,0,1,5,0,0,0
601,Kieran Tierney,SCO,DF,48,36,75,7,43,0,1,100,2,50
612,Erling Haaland,NOR,FW,47,34,72,1,0,1,4,25,0,0
612,Brian Cipenga,COD,FW,47,28,60,11,18,6,12,8,0,0
612,Hwang Heechan,KOR,MF,47,40,85,1,0,2,3,100,1,100
612,Jordan Ayew,GHA,FW,47,33,70,9,11,1,3,0,1,0
612,Angelo Preciado,ECU,DF,47,32,68,8,13,1,5,20,1,100
612,David Doudera,CZE,DF,47,34,72,4,25,1,3,0,0,0
612,Chris Wood,NZL,FW,47,36,77,0,0,2,8,13,0,0
612,Jaroslav Zeleny,CZE,DF,47,35,74,2,50,1,1,0,0,0
620,Oguz Aydin,TUR,FW,46,39,85,3,0,0,3,67,0,0
620,Daniel Svensson,SWE,DF,46,38,83,2,50,0,3,33,0,0
620,Nawaf Bu Washl,KSA,DF,46,35,76,0,0,0,1,0,0,0
623,Nathanael Mbuku,COD,MF,45,35,78,14,21,4,6,83,0,0
623,Lee Taeseok,KOR,DF,45,39,87,9,33,1,4,75,1,100
623,Jakhongir Urozov,UZB,DF,45,31,69,0,0,0,1,100,2,100
623,Seko Fofana,CIV,MF,45,38,84,0,0,0,2,0,0,0
623,Nicolas Jackson,SEN,FW,45,36,80,1,0,2,4,50,0,0
628,Jayden Adams,RSA,MF,44,40,91,0,0,0,2,50,2,100
628,Nestory Irankunda,AUS,FW,44,32,73,1,0,1,1,100,1,0
628,Tomas Soucek,CZE,MF,44,35,80,0,0,0,2,50,0,0
628,Zineddine Belaid,ALG,DF,44,43,98,0,0,0,1,100,0,0
628,Folarin Balogun,USA,FW,44,30,68,6,0,4,6,67,0,0
628,Raphinha,BRA,FW,44,30,68,10,30,2,4,25,0,0
634,Fabinho,BRA,MF,43,42,98,0,0,0,0,0,0,0
634,Santiago Arias,COL,DF,43,37,86,5,80,0,1,100,0,0
634,Jacob Italiano,AUS,DF,43,33,77,9,33,4,2,50,2,100
634,Odiljon Xamrobekov,UZB,MF,43,38,88,0,0,0,1,0,0,0
634,Luka Vuskovic,CRO,DF,43,38,88,0,0,0,1,0,0,0
634,Thelo Aasgaard,NOR,MF,43,38,88,0,0,0,1,100,1,100
640,Alexis Saelemaekers,BEL,MF,42,33,79,2,50,2,2,100,0,0
640,Romelu Lukaku,BEL,FW,42,32,76,0,0,1,3,67,0,0
640,Lukas Cerv,CZE,MF,42,36,86,1,0,1,2,0,1,100
640,Aaron Hickey,SCO,DF,42,38,90,1,0,0,1,100,0,0
640,Sultan Albrake,QAT,DF,42,33,79,3,33,0,3,0,1,100
645,Edo Kayembe,COD,MF,41,35,85,2,0,2,1,0,0,0
645,Edmilson Junior,QAT,FW,41,33,80,4,25,2,7,43,0,0
645,Tani Oluwaseyi,CAN,FW,41,27,66,4,0,4,4,50,1,100
645,Jacob Shaffelburg,CAN,MF,41,37,90,19,16,0,6,50,0,0
645,Laros Duarte,CPV,MF,41,33,80,2,100,6,2,50,0,0
645,Haissem Hassan,EGY,FW,41,35,85,9,22,11,13,92,4,100
645,Khojiakbar Alijonov,UZB,DF,41,27,66,4,0,3,2,0,1,0
645,Luca Jaquez,SUI,DF,41,31,76,2,0,1,4,50,0,0
653,Miro Muheim,SUI,DF,40,31,78,3,0,0,5,20,0,0
653,Hussein Ali,IRQ,DF,40,32,80,2,0,0,2,100,0,0
653,Enner Valencia,ECU,FW,40,33,83,1,0,2,1,0,0,0
653,Nikola Vlasic,CRO,MF,40,33,83,3,67,2,3,67,0,0
653,Eberechi Eze,ENG,MF,40,33,83,3,33,2,5,100,1,100
658,Diogo Dalot,POR,DF,39,34,87,1,0,2,1,0,0,0
658,Ermedin Demirovic,BIH,FW,39,29,74,0,0,1,5,80,0,0
658,Mahmoud Almardi,JOR,FW,39,32,82,7,14,3,5,60,0,0
658,Gessime Yassine,MAR,MF,39,34,87,1,0,2,2,50,3,67
662,Wagner Pina,CPV,DF,38,30,79,3,33,1,2,0,0,0
662,Besfort Zeneli,SWE,MF,38,34,89,2,0,0,2,50,0,0
662,Baris Alper Yilmaz,TUR,FW,38,29,76,15,0,7,12,67,2,0
662,Ricardo Pepi,USA,FW,38,33,87,1,0,4,1,100,0,0
662,Malick Thiaw,GER,DF,38,33,87,0,0,0,0,0,0,0
667,Marco Pasalic,CRO,FW,37,23,62,12,8,8,9,89,2,50
667,Soufiane Rahimi,MAR,FW,37,27,73,5,40,2,5,40,0,0
667,Jesper Karlstrom,SWE,MF,37,31,84,0,0,1,2,50,0,0
670,Ozan Kabak,TUR,DF,36,26,72,0,0,2,2,0,0,0
670,Abbosbek Fayzullaev,UZB,MF,36,24,67,9,22,1,2,50,1,100
670,Ismael Gharbi,TUN,MF,36,35,97,1,0,1,0,0,0,0
670,Anis Hadj Moussa,ALG,FW,36,25,69,4,50,8,5,60,1,100
670,Ali Jasim,IRQ,FW,36,29,81,5,0,1,4,75,1,100
670,Mousa Altamari,JOR,FW,36,28,78,1,100,3,4,75,0,0
670,Riechedly Bazoer,CUW,DF,36,31,86,0,0,0,0,0,1,100
677,Jeremy Antonisse,CUW,FW,35,25,71,6,50,1,2,0,1,100
677,Ryan Christie,SCO,MF,35,29,83,1,100,0,1,100,0,0
677,Ayase Ueda,JPN,FW,35,26,74,1,0,4,4,50,0,0
677,Ali Alhamadi,IRQ,FW,35,26,74,0,0,1,0,0,0,0
677,Yannick Semedo,CPV,MF,35,27,77,2,50,0,0,0,2,100
682,Jovane Cabral,CPV,MF,34,27,79,1,0,3,2,50,0,0
682,Mahmoud Saber,EGY,MF,34,30,88,1,100,1,1,0,0,0
682,Timothy Weah,USA,FW,34,30,88,2,0,0,2,50,0,0
682,Donyell Malen,NED,FW,34,27,79,8,25,5,5,60,0,0
682,Angelo Stiller,GER,MF,34,31,91,0,0,0,1,0,0,0
682,Tsuyoshi Watanabe,JPN,DF,34,31,91,2,50,0,0,0,0,0
682,Hossein Kanani,IRN,DF,34,33,97,0,0,0,0,0,3,67
682,Dostonbek Khamdamov,UZB,MF,34,29,85,5,60,1,1,0,0,0
682,Lawrence Shankland,SCO,FW,34,20,59,0,0,0,2,0,0,0
691,Ben Old,NZL,MF,33,25,76,1,0,1,2,0,0,0
691,Matt Turner,USA,GK,33,24,73,0,0,0,0,0,1,0
691,Jordy Alcivar,ECU,MF,33,31,94,1,0,0,1,100,0,0
691,Homam Ahmed,QAT,DF,33,25,76,3,33,1,2,50,0,0
691,Assim Madibo,QAT,MF,33,27,82,0,0,1,1,0,0,0
691,Willy Semedo,CPV,MF,33,30,91,2,0,1,1,0,0,0
697,Abdulaziz Hatem,QAT,MF,32,26,81,0,0,0,2,50,0,0
697,Jassem Gaber,QAT,DF,32,25,78,0,0,0,1,100,1,100
697,Hossam Abdelmaguid,EGY,DF,32,28,88,0,0,0,0,0,0,0
697,Marko Arnautovic,AUT,FW,32,25,78,1,0,0,0,0,0,0
697,Damian Bobadilla,PAR,MF,32,24,75,1,100,0,1,0,1,100
697,Malo Gusto,FRA,DF,32,31,97,0,0,0,0,0,1,100
703,Marco Friedl,AUT,DF,31,30,97,0,0,0,0,0,0,0
703,Deniz Undav,GER,FW,31,23,74,2,0,0,4,50,0,0
703,Mohammad Abualnadi,JOR,DF,31,24,77,0,0,0,0,0,0,0
703,Gavi,ESP,MF,31,29,94,2,0,0,1,100,1,100
703,Kai Trewin,AUS,DF,31,27,87,2,0,0,1,0,0,0
703,Ajdin Hrustic,AUS,FW,31,27,87,5,40,1,0,0,0,0
703,Kamaldeen Sulemana,GHA,FW,31,27,87,4,75,4,4,75,3,100
710,Ange Yoan Bonny,CIV,FW,30,26,87,3,33,1,0,0,0,0
710,Abdoulaye Seck,SEN,DF,30,26,87,0,0,0,1,0,0,0
710,Rani Khedira,TUN,MF,30,25,83,1,0,0,2,50,0,0
710,Castrop Jens,KOR,DF,30,27,90,4,25,1,2,100,1,100
710,Daizen Maeda,JPN,MF,30,28,93,3,0,0,1,100,0,0
710,Leon Goretzka,GER,MF,30,23,77,1,0,0,1,100,1,0
710,Egil Selvik,NOR,GK,30,19,63,0,0,0,0,0,0,0
710,Carney Chukwuemeka,AUT,MF,30,25,83,0,0,1,0,0,0,0
710,Waldemar Anton,GER,DF,30,29,97,2,0,0,0,0,0,0
710,Ardon Jashari,SUI,MF,30,25,83,1,0,0,3,67,1,0
710,Dominique Simon,HAI,MF,30,22,73,1,100,0,2,0,0,0
710,Danilo Santos,BRA,MF,30,23,77,0,0,0,2,100,0,0
722,Federico Vinas,URU,FW,29,18,62,0,0,0,1,0,0,0
722,Matias Vina,URU,DF,29,23,79,2,0,0,0,0,0,0
722,Rebin Sulaka,IRQ,DF,29,23,79,0,0,0,0,0,3,33
722,Saleh Hardani,IRN,DF,29,21,72,1,0,0,0,0,0,0
722,Helio Varela,CPV,MF,29,27,93,1,0,2,3,100,0,0
722,Elias Saad,TUN,FW,29,22,76,2,0,1,1,100,0,0
722,Mathieu Choiniere,CAN,MF,29,23,79,4,50,0,2,50,1,100
722,Ernest Nuamah,GHA,FW,29,20,69,0,0,2,2,50,1,100
722,Evidence Makgopa,RSA,FW,29,20,69,0,0,0,1,100,0,0
722,Yeremy Pino,ESP,FW,29,25,86,1,0,0,0,0,0,0
722,Utkir Yusupov,UZB,GK,29,17,59,0,0,0,2,0,1,100
722,Michael Gregoritsch,AUT,FW,29,20,69,0,0,0,2,0,0,0
722,Ruben Neves,POR,MF,29,27,93,0,0,0,2,50,0,0
735,Frans Putros,IRQ,DF,28,26,93,1,0,0,2,100,1,100
735,Ayoub Aloui,QAT,DF,28,11,39,1,0,0,4,0,0,0
735,Luis Chavez,MEX,MF,28,28,100,1,0,0,1,100,0,0
735,Patrik Schick,CZE,FW,28,24,86,0,0,1,3,33,0,0
735,Nico Williams,ESP,FW,28,24,86,4,0,2,4,75,0,0
740,Kevin Rodriguez,ECU,FW,27,23,85,1,0,1,3,67,0,0
740,Jose Canale,PAR,DF,27,18,67,1,0,0,1,0,0,0
740,Fidel Escobar,PAN,DF,27,20,74,1,100,0,1,100,1,0
740,Alidu Seidu,GHA,DF,27,25,93,1,0,1,0,0,0,0
740,Zizo,EGY,FW,27,23,85,6,33,1,1,0,0,0
746,Adam Hlozek,CZE,FW,26,18,69,1,100,3,1,100,0,0
746,Mateo Chavez,MEX,DF,26,23,88,1,0,2,2,50,0,0
746,Brian Rodriguez,URU,FW,26,19,73,14,7,2,7,71,1,100
746,Neymar Jr,BRA,FW,26,21,81,7,14,1,2,0,0,0
750,Darwin Nunez,URU,FW,25,20,80,3,33,1,3,100,1,100
750,Shahriyar Moghanloo,IRN,FW,25,15,60,2,0,0,2,50,1,0
750,Kim Moonhwan,KOR,DF,25,22,88,0,0,0,0,0,0,0
750,Oussama Benbot,ALG,GK,25,18,72,0,0,0,1,0,0,0
750,Alexander Prass,AUT,MF,25,22,88,3,0,0,3,33,0,0
750,Ryan Thomas,NZL,MF,25,18,72,1,0,0,2,0,0,0
756,Can Uzun,TUR,FW,24,22,92,0,0,4,0,0,0,0
756,Joris Kayembe,COD,DF,24,19,79,3,67,0,4,25,0,0
756,Samir Chergui,ALG,DF,24,23,96,0,0,0,0,0,0,0
756,Iqraam Rayners,RSA,FW,24,21,88,2,0,0,3,33,0,0
756,Jorgen Strand Larsen,NOR,FW,24,18,75,0,0,0,1,0,0,0
756,Kristian Thorstvedt,NOR,MF,24,19,79,0,0,2,1,0,0,0
756,Sasa Kalajdzic,AUT,FW,24,16,67,1,0,1,2,0,1,0
756,Armin Gigovic,BIH,MF,24,17,71,0,0,0,0,0,1,0
764,Nuno Da Costa,CPV,MF,23,18,78,1,0,2,5,40,0,0
764,Cedric Bakambu,COD,FW,23,16,70,1,0,2,1,0,0,0
764,Jason Geria,AUS,DF,23,18,78,1,0,0,0,0,0,0
764,Gabriel Avalos,PAR,FW,23,12,52,0,0,0,4,25,0,0
764,Deiver Machado,COL,DF,23,22,96,2,0,0,1,100,0,0
764,Jorge Gutierrez,PAN,DF,23,19,83,0,0,0,1,0,0,0
764,Henrik Falchener,NOR,DF,23,18,78,0,0,0,0,0,0,0
764,Inaki Williams,GHA,FW,23,15,65,4,25,1,3,67,0,0
764,Bazoumana Toure,CIV,FW,23,16,70,4,0,2,1,0,1,100
764,Cyle Larin,CAN,FW,23,20,87,0,0,1,1,0,0,0
764,Mouhib Chamakh,TUN,GK,23,16,70,0,0,0,0,0,0,0
775,Abdul Fatawu,GHA,FW,22,18,82,7,14,7,8,50,1,100
775,Kojo Peprah Oppong,GHA,DF,22,21,95,0,0,0,0,0,0,0
775,Stepan Chaloupek,CZE,DF,22,15,68,0,0,0,1,0,1,100
775,Oh Hyeongyu,KOR,FW,22,15,68,1,0,1,2,50,0,0
775,Charles Pickel,COD,MF,22,19,86,0,0,0,0,0,2,50
775,Abdullah Alhamddan,KSA,FW,22,16,73,1,0,1,2,50,0,0
775,Aimar Sher,IRQ,MF,22,20,91,1,0,0,0,0,0,0
775,Obed Vargas,MEX,MF,22,20,91,0,0,2,3,33,0,0
775,Brenden Aaronson,USA,FW,22,21,95,3,33,0,2,50,0,0
775,Roger Ibanez,BRA,DF,22,22,100,0,0,2,1,100,0,0
785,Azarias Londono,PAN,FW,21,20,95,1,0,2,2,50,0,0
785,Elye Wahi,CIV,FW,21,15,71,1,0,0,3,33,0,0
785,Wilson Isidor,HAI,FW,21,18,86,0,0,0,1,100,0,0
785,Odeh Fakhoury,JOR,FW,21,17,81,1,0,1,0,0,1,100
785,Brian Brobbey,NED,FW,21,18,86,1,0,1,0,0,0,0
785,Fredrik Andre Bjorkan,NOR,DF,21,19,90,0,0,0,0,0,0,0
791,Nadiem Amiri,GER,MF,20,17,85,2,50,0,2,50,1,100
791,Andrej Kramaric,CRO,FW,20,17,85,2,0,0,2,50,0,0
791,Endrick,BRA,FW,20,16,80,1,0,1,4,25,0,0
791,Valentin Barco,ARG,MF,20,17,85,0,0,0,1,100,0,0
791,Mehdi Torabi,IRN,MF,20,17,85,2,0,0,1,100,0,0
791,Ehsan Hajisafi,IRN,DF,20,11,55,2,0,1,2,0,1,100
791,Lenny Joseph,HAI,FW,20,13,65,0,0,5,3,33,1,100
791,Dylan Bronn,TUN,DF,20,16,80,0,0,0,0,0,1,0
799,Oumar Diakite,CIV,FW,19,17,89,1,0,3,3,33,0,0
799,Dailon Livramento,CPV,FW,19,15,79,3,33,1,0,0,0,0
799,Che Adams,SCO,FW,19,12,63,0,0,0,2,0,0,0
799,Adil Boulbina,ALG,FW,19,16,84,0,0,1,1,100,1,100
799,Munaf Younus,IRQ,DF,19,17,89,0,0,0,0,0,0,0
799,Mohammad Ghorbani,IRN,MF,19,16,84,0,0,0,0,0,0,0
799,Sergio Rochet,URU,GK,19,10,53,0,0,0,3,67,0,0
799,Yaimar Medina,ECU,DF,19,17,89,4,25,0,1,0,1,100
799,Alexandro Maidana,PAR,DF,19,13,68,1,0,0,0,0,0,0
808,Jose Fajardo,PAN,FW,18,11,61,0,0,0,1,100,0,0
808,Jaminton Campaz,COL,FW,18,12,67,3,0,5,2,50,2,100
808,Sebastian Tounekti,TUN,MF,18,16,89,3,0,1,1,0,0,0
808,Alphonso Davies,CAN,DF,18,14,78,1,0,1,0,0,0,0
808,Morten Thorsby,NOR,MF,18,17,94,0,0,0,0,0,0,0
808,Saleem Obaid,JOR,DF,18,12,67,0,0,0,0,0,0,0
808,Arya Yousefi,IRN,DF,18,16,89,0,0,1,0,0,0,0
808,Vladimir Darida,CZE,MF,18,14,78,0,0,2,1,0,0,0
816,Jamshid Iskanderov,UZB,MF,17,11,65,1,0,0,2,50,0,0
816,Frantzdy Pierrot,HAI,FW,17,13,76,0,0,0,0,0,0,0
816,Jean Michael Seri,CIV,MF,17,16,94,3,0,0,2,50,0,0
816,Ala Alhajji,KSA,MF,17,16,94,0,0,0,0,0,0,0
816,Memphis Depay,NED,FW,17,15,88,1,100,0,2,100,1,100
821,Francisco Trincao,POR,FW,16,13,81,0,0,0,1,0,0,0
821,Francis De Vries,NZL,DF,16,7,44,2,50,1,0,0,0,0
821,Mohamed Toure,AUS,FW,16,12,75,2,0,2,2,50,0,0
821,Jesse Randall,NZL,FW,16,12,75,5,40,2,1,0,0,0
821,Taha Ali,SWE,FW,16,15,94,1,0,4,2,100,0,0
821,Ermin Mahmic,BIH,MF,16,12,75,1,0,0,0,0,1,100
821,Alan Minda,ECU,MF,16,12,75,2,0,0,1,0,0,0
821,Aymen Hussein,IRQ,FW,16,12,75,0,0,0,3,67,0,0
821,Ahmed Qasem,IRQ,FW,16,13,81,1,0,0,1,100,0,0
821,Takefusa Kubo,JPN,MF,16,12,75,0,0,0,2,50,0,0
821,Promise David,CAN,FW,16,8,50,0,0,0,1,0,1,100
832,Louicius Deedson,HAI,FW,15,13,87,5,20,5,5,60,0,0
832,Diego Moreira,BEL,MF,15,10,67,4,25,1,3,67,2,50
832,Matias Fernandez Pardo,BEL,FW,15,13,87,3,0,4,3,67,0,0
832,Kerem Akturkoglu,TUR,FW,15,9,60,2,50,0,0,0,0,0
832,Mohamed Manai,QAT,FW,15,7,47,0,0,1,3,33,0,0
832,Ismael Diaz,PAN,MF,15,13,87,0,0,1,0,0,0,0
838,Kevin Castano,COL,MF,14,14,100,0,0,0,0,0,0,0
838,Igor Matanovic,CRO,FW,14,11,79,0,0,2,0,0,0,0
838,Pascal Gross,GER,MF,14,14,100,1,0,0,1,100,0,0
838,Jamie Leweling,GER,MF,14,11,79,3,0,0,1,0,0,0
838,Telmo Arcanjo,CPV,MF,14,12,86,1,100,2,0,0,1,100
838,Zakaria El Ouahdi,MAR,DF,14,14,100,0,0,0,1,0,0,0
838,Mohamed Abdelmoneim,EGY,DF,14,14,100,0,0,0,0,0,1,100
838,Garry Rodrigues,CPV,MF,14,11,79,2,50,2,2,100,0,0
838,Meschack Elia,COD,FW,14,13,93,2,0,0,5,60,0,0
838,Amirhossein Hosseinzadeh,IRN,FW,14,10,71,0,0,0,3,67,1,100
838,Yusuf Abdurisag,QAT,FW,14,9,64,0,0,1,3,0,0,0
838,Hassan Alhaydos,QAT,FW,14,10,71,0,0,0,1,0,0,0
838,Farrukh Sayfiev,UZB,DF,14,12,86,1,0,1,2,100,0,0
838,Denis Visinsky,CZE,FW,14,14,100,0,0,2,0,0,0,0
852,Patrick Wimmer,AUT,FW,13,7,54,0,0,0,2,100,0,0
852,Warren Zaire Emery,FRA,MF,13,11,85,1,0,0,0,0,0,0
852,Senne Lammens,BEL,GK,13,6,46,0,0,0,1,0,0,0
852,Noa Lang,NED,FW,13,11,85,1,0,1,2,100,0,0
852,Jordan Henderson,ENG,MF,13,12,92,1,0,0,0,0,0,0
852,Maximilian Beier,GER,FW,13,6,46,0,0,0,1,0,0,0
852,Jovo Lukic,BIH,FW,13,7,54,0,0,0,1,0,0,0
852,Alex Sandro,BRA,DF,13,13,100,0,0,0,0,0,0,0
852,Guillermo Martinez,MEX,FW,13,12,92,1,0,0,0,0,0,0
852,Santiago Gimenez,MEX,FW,13,7,54,0,0,0,0,0,0,0
852,Yang Hyunjun,KOR,MF,13,9,69,0,0,0,0,0,0,0
852,Ali Azaizeh,JOR,FW,13,12,92,1,0,1,0,0,0,0
852,Saed Alrosan,JOR,DF,13,12,92,0,0,0,0,0,0,0
852,Theo Bongonda,COD,MF,13,9,69,2,0,0,2,0,0,0
852,Mohamed Hadj Mahmoud,TUN,MF,13,12,92,0,0,0,0,0,1,100
867,Assane Diao,SEN,FW,12,12,100,0,0,2,3,33,0,0
867,Nishan Velupillay,AUS,FW,12,6,50,0,0,1,0,0,0,0
867,Carl Starfelt,SWE,DF,12,11,92,0,0,0,0,0,0,0
867,Quinten Timber,NED,MF,12,10,83,2,50,0,2,50,0,0
867,Kevin Yakob,IRQ,MF,12,9,75,0,0,1,1,0,0,0
867,Ahmed Alganehi,QAT,MF,12,11,92,2,100,1,0,0,0,0
867,Jhon Cordoba,COL,FW,12,9,75,0,0,0,0,0,0,0
867,Jackson Porozo,ECU,DF,12,12,100,0,0,0,0,0,0,0
867,Luiz Henrique,BRA,FW,12,12,100,0,0,0,3,100,0,0
876,Zeki Amdouni,SUI,FW,11,8,73,0,0,3,0,0,0,0
876,Lyndon Dykes,SCO,FW,11,7,64,1,0,0,4,25,0,0
876,Gilson Benchimol,CPV,FW,11,9,82,0,0,3,2,0,0,0
876,Fiston Mayele,COD,FW,11,7,64,0,0,0,0,0,0,0
876,Marko Farji,IRQ,FW,11,7,64,2,50,1,1,100,0,0
876,Alireza Jahanbakhsh,IRN,MF,11,7,64,2,50,1,1,100,0,0
876,Samu Costa,POR,DF,11,11,100,0,0,0,0,0,0,0
876,Goncalo Ramos,POR,FW,11,10,91,0,0,0,0,0,0,0
876,Ibrahima Konate,FRA,DF,11,10,91,0,0,0,0,0,0,0
876,Petar Musa,CRO,FW,11,7,64,0,0,1,3,33,0,0
886,Ante Budimir,CRO,FW,10,6,60,0,0,0,2,0,0,0
886,Sondre Langas,NOR,DF,10,9,90,0,0,0,0,0,1,100
886,Oston Urunov,UZB,MF,10,8,80,0,0,1,2,50,0,0
886,Dennis Hadzikadunic,BIH,DF,10,8,80,0,0,0,0,0,0,0
886,Mathew Leckie,AUS,FW,10,7,70,1,0,0,0,0,0,0
886,Alex Arce,PAR,FW,10,7,70,0,0,0,0,0,0,0
886,Cecilio Waterman,PAN,FW,10,7,70,0,0,0,1,0,0,0
886,Alexis Vega,MEX,FW,10,10,100,1,0,0,1,0,0,0
886,Kendry Paez,ECU,MF,10,9,90,0,0,0,0,0,0,0
886,Antonio Sanabria,PAR,FW,10,7,70,0,0,0,0,0,0,0
886,Alejandro Romero Gamarra,PAR,FW,10,6,60,0,0,0,0,0,1,100
886,Ayoub El Kaabi,MAR,FW,10,7,70,0,0,1,0,0,0,0
886,Hazem Mastouri,TUN,FW,10,7,70,1,100,1,0,0,0,0
886,Hamza Abdelkarim,EGY,FW,10,7,70,1,0,0,2,0,0,0
886,Simon Adingra,CIV,FW,10,9,90,1,100,0,0,0,0,0
886,Bara Sapoko Ndiaye,SEN,MF,10,9,90,1,100,0,0,0,0,0
902,Ayoube Amaimouni,MAR,FW,9,8,89,1,0,2,0,0,1,0
902,Jonathan Osorio,CAN,MF,9,6,67,0,0,0,0,0,0,0
902,Tshepang Moremi,RSA,FW,9,6,67,0,0,1,0,0,0,0
902,Noah Okafor,SUI,FW,9,7,78,0,0,1,2,0,0,0
902,Gervane Kastaneer,CUW,FW,9,7,78,0,0,0,0,0,0,0
902,Tyrese Noslin,CUW,FW,9,5,56,3,33,0,1,0,0,0
902,Axel Witsel,BEL,MF,9,8,89,0,0,0,0,0,0,0
902,Guillermo Ochoa,MEX,GK,9,4,44,0,0,0,2,50,0,0
902,Tomas Rodriguez,PAN,FW,9,7,78,0,0,0,1,100,0,0
902,Mehdi Ghayedi,IRN,FW,9,6,67,3,33,0,1,100,0,0
902,Sultan Mandash,KSA,FW,9,7,78,0,0,0,0,0,0,0
902,Eom Jisung,KOR,MF,9,9,100,3,67,2,2,100,0,0
914,Ahmed Alaaeldin,QAT,FW,8,4,50,0,0,0,1,0,0,0
914,Ali Alipour,IRN,FW,8,4,50,0,0,0,1,100,0,0
914,Mohamed Amoura,ALG,FW,8,7,88,0,0,0,0,0,0,0
914,Nadhir Benbouali,ALG,FW,8,6,75,1,0,0,0,0,0,0
914,Jearl Margaritha,CUW,FW,8,8,100,0,0,0,0,0,0,0
914,Elias Achouri,TUN,FW,8,7,88,0,0,0,0,0,0,0
914,Derrick Etienne,HAI,FW,8,4,50,2,50,0,2,0,0,0
914,Jayden Nelson,CAN,FW,8,6,75,0,0,2,0,0,0,0
914,Awer Mabil,AUS,FW,8,5,63,1,0,0,0,0,0,0
914,Tomas Chory,CZE,FW,8,7,88,0,0,0,1,0,0,0
914,Dzenis Burnic,BIH,MF,8,7,88,0,0,0,0,0,0,0
914,Gustavo Caballero,PAR,MF,8,5,63,0,0,1,1,0,0,0
914,Anibal Godoy,PAN,MF,8,8,100,1,0,0,1,100,1,0
914,Cucho Hernandez,COL,FW,8,5,63,1,100,0,0,0,0,0
914,Guus Til,NED,MF,8,7,88,0,0,0,1,0,0,0
929,Joaquin Seys,BEL,DF,7,7,100,0,0,0,0,0,0,0
929,Maghnes Akliouche,FRA,MF,7,5,71,2,0,0,0,0,0,0
929,Wout Weghorst,NED,FW,7,4,57,0,0,0,1,0,0,0
929,Justin Kluivert,NED,MF,7,7,100,1,0,0,0,0,0,0
929,Themba Zwane,RSA,MF,7,5,71,0,0,0,0,0,0,0
929,Firas Chaouat,TUN,FW,7,7,100,0,0,0,0,0,0,0
929,Cho Guesung,KOR,FW,7,4,57,0,0,0,0,0,0,0
929,Junnosuke Suzuki,JPN,DF,7,6,86,1,0,0,1,0,0,0
929,Eric Davis,PAN,DF,7,3,43,3,33,0,2,0,0,0
929,Braian Ojeda,PAR,MF,7,6,86,0,0,0,0,0,0,0
929,Alex Zendejas,USA,FW,7,6,86,1,0,0,1,0,0,0
929,David Zima,CZE,DF,7,6,86,0,0,0,0,0,0,0
929,Mattias Svanberg,SWE,MF,7,7,100,0,0,0,0,0,0,0
942,Azizbek Amonov,UZB,FW,6,5,83,1,0,2,0,0,1,100
942,Callan Elliot,NZL,DF,6,4,67,0,0,0,0,0,0,0
942,Brandon Thomas Asante,GHA,FW,6,3,50,2,50,1,0,0,0,0
942,Ibrahim Adel,EGY,FW,6,4,67,0,0,0,2,100,0,0
942,Sontje Hansen,CUW,FW,6,5,83,0,0,0,0,0,0,0
942,Jordy Caicedo,ECU,FW,6,6,100,0,0,0,0,0,0,0
942,Simon Banza,COD,FW,6,4,67,0,0,0,0,0,1,0
942,Youssef Amyn,IRQ,MF,6,5,83,0,0,0,0,0,0,0
942,Gedeon Kalulu,COD,DF,6,5,83,0,0,0,1,0,0,0
951,Mohammad Abuzraiq,JOR,FW,5,4,80,0,0,0,0,0,0,0
951,Ahmed Maknazi,IRQ,DF,5,3,60,0,0,1,0,0,0,0
951,Mohammad Aldaoud,JOR,MF,5,2,40,0,0,1,1,0,0,0
951,Lyle Foster,RSA,FW,5,1,20,0,0,0,1,0,0,0
951,Kamogelo Sebelebele,RSA,FW,5,4,80,1,0,0,0,0,0,0
951,Prince Adu,GHA,FW,5,4,80,0,0,0,0,0,0,0
951,Evann Guessand,CIV,FW,5,4,80,0,0,0,0,0,0,0
951,Anthony Ralston,SCO,DF,5,5,100,1,100,1,1,100,1,100
951,Cedric Itten,SUI,FW,5,3,60,1,0,0,0,0,0,0
951,Tete Yengi,AUS,FW,5,3,60,1,0,0,2,0,0,0
951,Christian Fassnacht,SUI,FW,5,5,100,0,0,0,0,0,0,0
951,Eray Coemert,SUI,DF,5,5,100,0,0,0,0,0,0,0
951,Orbelin Pineda,MEX,MF,5,5,100,0,0,1,1,0,0,0
951,Ederson Silva,BRA,MF,5,5,100,3,33,0,0,0,0,0
951,Igor Thiago,BRA,FW,5,4,80,0,0,1,0,0,0,0
951,Yassin Fortune,HAI,FW,5,5,100,0,0,0,0,0,0,0
951,Samed Bazdar,BIH,FW,5,2,40,0,0,1,3,0,0,0
969,Brandley Kuwas,CUW,FW,4,3,75,1,0,0,1,0,0,0
969,Jorrel Hato,NED,DF,4,2,50,1,100,0,0,0,0,0
969,Dan Burn,ENG,DF,4,2,50,0,0,0,2,0,0,0
969,Yuito Suzuki,JPN,MF,4,4,100,0,0,2,0,0,0,0
969,Shuto Machino,JPN,FW,4,3,75,1,0,1,0,0,1,100
969,Amer Jamous,JOR,MF,4,4,100,0,0,0,0,0,0,0
969,Ali Yousif,IRQ,FW,4,4,100,0,0,0,0,0,0,0
969,Mortadha Ben Ouanes,TUN,DF,4,3,75,0,0,0,1,0,0,0
969,Isidro Pitta,PAR,FW,4,3,75,1,0,0,1,0,0,0
969,Caglar Soyuncu,TUR,DF,4,3,75,0,0,0,0,0,0,0
969,Igor Sergeev,UZB,FW,4,4,100,0,0,0,0,0,0,0
981,Kaan Ayhan,TUR,MF,3,1,33,0,0,0,0,0,0,0
981,Amir Hadziahmetovic,BIH,MF,3,3,100,1,0,0,0,0,0,0
981,Ken Sema,SWE,MF,3,3,100,0,0,1,0,0,0,0
981,Mohammad Abuhasheesh,JOR,DF,3,3,100,0,0,0,0,0,0,0
981,Almoez Ali,QAT,FW,3,2,67,0,0,0,1,100,0,0
981,Koki Ogawa,JPN,FW,3,3,100,0,0,0,0,0,0,0
981,Shurandy Sambo,CUW,DF,3,3,100,0,0,0,0,0,0,0
981,Godfried Roemeratoe,CUW,MF,3,1,33,0,0,0,0,0,0,0
981,Luka Sucic,CRO,MF,3,1,33,0,0,0,1,0,0,0
981,Jens Petter Hauge,NOR,MF,3,2,67,0,0,0,0,0,0,0
981,Yerry Mina,COL,DF,3,3,100,0,0,0,0,0,0,0
981,Alberto Quintero,PAN,MF,3,3,100,1,0,0,0,0,0,0
981,Ramon Sosa,PAR,MF,3,3,100,0,0,0,0,0,0,0
981,Bamba Dieng,SEN,FW,3,3,100,0,0,0,0,0,0,0
981,Duckens Nazon,HAI,FW,3,1,33,0,0,1,0,0,0,0
996,Kenji Gorre,CUW,FW,2,0,0,0,0,0,0,0,0,0
996,Findlay Curtis,SCO,FW,2,2,100,2,0,1,1,100,0,0
996,Irfan Can Kahveci,TUR,FW,2,2,100,0,0,0,0,0,0,0
996,Mojmir Chytil,CZE,FW,2,2,100,0,0,0,1,100,0,0
996,Gustaf Nilsson,SWE,FW,2,1,50,0,0,0,0,0,0,0
996,Marc Pubill,ESP,DF,2,2,100,0,0,0,0,0,0,0
996,Mohanad Ali,IRQ,FW,2,1,50,0,0,0,0,0,0,0
996,Jose Manuel Lopez,ARG,FW,2,2,100,0,0,0,1,0,0,0
996,Cesar Huerta,MEX,FW,2,2,100,0,0,0,0,0,0,0
996,Jean Philippe Mateta,FRA,FW,2,2,100,0,0,1,0,0,0,0
1006,Ivan Toney,ENG,FW,1,1,100,0,0,0,0,0,0,0
1006,Matheus Nunes,POR,MF,1,1,100,0,0,0,0,0,0,0
1006,Nick Woltemade,GER,FW,1,1,100,0,0,0,0,0,0,0
1006,Marten De Roon,NED,MF,1,1,100,0,0,0,0,0,0,0
1006,Ollie Watkins,ENG,FW,1,1,100,1,0,1,1,100,0,0
1006,Sherzod Esanov,UZB,MF,1,1,100,0,0,0,0,0,0,0
1006,Haris Tabakovic,BIH,FW,1,1,100,0,0,0,0,0,0,0
1006,Roshon Van Eijma,CUW,DF,1,1,100,0,0,0,0,0,0,0
1006,Armando Gonzalez,MEX,FW,1,1,100,0,0,0,0,0,0,0
1006,Haji Wright,USA,FW,1,1,100,0,0,0,0,0,0,0
1006,Rodrigo Aguirre,URU,FW,1,0,0,0,0,0,0,0,0,0
1006,Mustafa Saadoon,IRQ,DF,1,1,100,0,0,0,0,0,0,0
1006,Keisuke Goto,JPN,FW,1,1,100,0,0,0,1,100,0,0
1006,Kento Shiogai,JPN,FW,1,1,100,0,0,0,0,0,0,0
1020,Abdallah Alfakhori,JOR,GK,0,0,0,0,0,0,0,0,0,0
1020,Saleh Alshehri,KSA,FW,0,0,0,0,0,0,0,0,0,0
1020,Ziyad Aljohani,KSA,MF,0,0,0,0,0,0,0,0,0,0
1020,Keisuke Osako,JPN,GK,0,0,0,0,0,0,0,0,0,0
1020,Jehad Thikri,KSA,DF,0,0,0,0,0,0,0,0,0,0
1020,Nawaf Alaqidi,KSA,GK,0,0,0,0,0,0,0,0,0,0
1020,Bae Junho,KOR,MF,0,0,0,0,0,0,0,0,0,0
1020,Logan Costa,CPV,DF,0,0,0,0,0,0,0,0,0,0
1020,Lee Donggyeong,KOR,MF,0,0,0,0,0,0,0,0,0,0
1020,Hassan Kadish,KSA,DF,0,0,0,0,0,0,0,0,0,0
1020,Fahad Talib,IRQ,GK,0,0,0,0,0,0,0,0,0,0
1020,Ahmed Alkassar,KSA,GK,0,0,0,0,0,0,0,0,0,0
1020,Dennis Dargahi,IRN,FW,0,0,0,0,0,0,0,0,0,0
1020,Khalid Alghannam,KSA,FW,0,0,0,0,0,0,0,0,0,0
1020,Gael Kakuta,COD,FW,0,0,0,0,0,0,0,0,0,0
1020,Kim Taehyeon,KOR,DF,0,0,0,0,0,0,0,0,0,0
1020,Cho Wije,KOR,DF,0,0,0,0,0,0,0,0,0,0
1020,Danial Iri,IRN,DF,0,0,0,0,0,0,0,0,0,0
1020,Song Bumkeun,KOR,GK,0,0,0,0,0,0,0,0,0,0
1020,Ali Majrashi,KSA,DF,0,0,0,0,0,0,0,0,0,0
1020,Mohamed Amine Tougai,ALG,DF,0,0,0,0,0,0,0,0,0,0
1020,Tomoki Hayakawa,JPN,GK,0,0,0,0,0,0,0,0,0,0
1020,Yassine Titraoui,ALG,MF,0,0,0,0,0,0,0,0,0,0
1020,Amirmohammad Razaghinia,IRN,MF,0,0,0,0,0,0,0,0,0,0
1020,Marcio Rosa,CPV,GK,0,0,0,0,0,0,0,0,0,0
1020,Tahsin Mohammed,QAT,FW,0,0,0,0,0,0,0,0,0,0
1020,Payam Niazmand,IRN,GK,0,0,0,0,0,0,0,0,0,0
1020,Jo Hyeonwoo,KOR,GK,0,0,0,0,0,0,0,0,0,0
1020,Rajaei Ayed,JOR,MF,0,0,0,0,0,0,0,0,0,0
1020,Cj Dos Santos,CPV,GK,0,0,0,0,0,0,0,0,0,0
1020,Alhashmi Alhussein,QAT,DF,0,0,0,0,0,0,0,0,0,0
1020,Dylan Batubinsika,COD,DF,0,0,0,0,0,0,0,0,0,0
1020,Aiman Yahya,KSA,FW,0,0,0,0,0,0,0,0,0,0
1020,Roozbeh Cheshmi,IRN,MF,0,0,0,0,0,0,0,0,0,0
1020,Ibrahim Sadeh,JOR,MF,0,0,0,0,0,0,0,0,0,0
1020,Lucas Mendes,QAT,DF,0,0,0,0,0,0,0,0,0,0
1020,Salah Zakaria,QAT,GK,0,0,0,0,0,0,0,0,0,0
1020,Mohammad Abughoush,JOR,MF,0,0,0,0,0,0,0,0,0,0
1020,Aaron Tshibola,COD,MF,0,0,0,0,0,0,0,0,0,0
1020,Mohammed Muntari,QAT,FW,0,0,0,0,0,0,0,0,0,0
1020,Anas Badawi,JOR,DF,0,0,0,0,0,0,0,0,0,0
1020,Timothy Fayulu,COD,GK,0,0,0,0,0,0,0,0,0,0
1020,Meshaal Barsham,QAT,GK,0,0,0,0,0,0,0,0,0,0
1020,Achref Abada,ALG,DF,0,0,0,0,0,0,0,0,0,0
1020,Stopira,CPV,DF,0,0,0,0,0,0,0,0,0,0
1020,Nour Baniateyah,JOR,GK,0,0,0,0,0,0,0,0,0,0
1020,Hossein Hosseini,IRN,GK,0,0,0,0,0,0,0,0,0,0
1020,Fares Ghedjemis,ALG,FW,0,0,0,0,0,0,0,0,0,0
1020,Melvin Mastil,ALG,GK,0,0,0,0,0,0,0,0,0,0
1020,Matthieu Epolo,COD,GK,0,0,0,0,0,0,0,0,0,0
1020,Hjalmar Ekdal,SWE,DF,0,0,0,0,0,0,0,0,0,0
1020,Alex Paulsen,NZL,GK,0,0,0,0,0,0,0,0,0,0
1020,Martin Zubimendi,ESP,MF,0,0,0,0,0,0,0,0,0,0
1020,Nando Pijnaker,NZL,DF,0,0,0,0,0,0,0,0,0,0
1020,Alex Grimaldo,ESP,DF,0,0,0,0,0,0,0,0,0,0
1020,Botirali Ergashev,UZB,GK,0,0,0,0,0,0,0,0,0,0
1020,Aurele Amenda,SUI,DF,0,0,0,0,0,0,0,0,0,0
1020,Cameron Devlin,AUS,MF,0,0,0,0,0,0,0,0,0,0
1020,John Souttar,SCO,DF,0,0,0,0,0,0,0,0,0,0
1020,Herman Johansson,SWE,DF,0,0,0,0,0,0,0,0,0,0
1020,Logan Rogerson,NZL,FW,0,0,0,0,0,0,0,0,0,0
1020,Eric Garcia,ESP,DF,0,0,0,0,0,0,0,0,0,0
1020,Deniz Gul,TUR,FW,0,0,0,0,0,0,0,0,0,0
1020,Borja Iglesias,ESP,FW,0,0,0,0,0,0,0,0,0,0
1020,Ross Stewart,SCO,FW,0,0,0,0,0,0,0,0,0,0
1020,Hugo Sochurek,CZE,MF,0,0,0,0,0,0,0,0,0,0
1020,Jindrich Stanek,CZE,GK,0,0,0,0,0,0,0,0,0,0
1020,Ben Waine,NZL,FW,0,0,0,0,0,0,0,0,0,0
1020,Joan Garcia,ESP,GK,0,0,0,0,0,0,0,0,0,0
1020,Kosta Barbarouses,NZL,FW,0,0,0,0,0,0,0,0,0,0
1020,Dominic Hyam,SCO,DF,0,0,0,0,0,0,0,0,0,0
1020,Yvon Mvogo,SUI,GK,0,0,0,0,0,0,0,0,0,0
1020,David Jurasek,CZE,DF,0,0,0,0,0,0,0,0,0,0
1020,Marvin Keller,SUI,GK,0,0,0,0,0,0,0,0,0,0
1020,Viktor Johansson,SWE,GK,0,0,0,0,0,0,0,0,0,0
1020,Altay Bayindir,TUR,GK,0,0,0,0,0,0,0,0,0,0
1020,Michael Woud,NZL,GK,0,0,0,0,0,0,0,0,0,0
1020,Tyler Fletcher,SCO,MF,0,0,0,0,0,0,0,0,0,0
1020,Nihad Mujakic,BIH,DF,0,0,0,0,0,0,0,0,0,0
1020,Mathew Ryan,AUS,GK,0,0,0,0,0,0,0,0,0,0
1020,David Raya,ESP,GK,0,0,0,0,0,0,0,0,0,0
1020,Mert Gunok,TUR,GK,0,0,0,0,0,0,0,0,0,0
1020,Jan Kuchta,CZE,FW,0,0,0,0,0,0,0,0,0,0
1020,Paul Izzo,AUS,GK,0,0,0,0,0,0,0,0,0,0
1020,Alex Rufer,NZL,MF,0,0,0,0,0,0,0,0,0,0
1020,Liam Kelly,SCO,GK,0,0,0,0,0,0,0,0,0,0
1020,Lachlan Bayliss,NZL,MF,0,0,0,0,0,0,0,0,0,0
1020,George Hirst,SCO,FW,0,0,0,0,0,0,0,0,0,0
1020,Samet Akaydin,TUR,DF,0,0,0,0,0,0,0,0,0,0
1020,Umar Eshmurodov,UZB,DF,0,0,0,0,0,0,0,0,0,0
1020,Eric Smith,SWE,DF,0,0,0,0,0,0,0,0,0,0
1020,Milos Degenek,AUS,DF,0,0,0,0,0,0,0,0,0,0
1020,Victor Munoz,ESP,FW,0,0,0,0,0,0,0,0,0,0
1020,Lukas Hornicek,CZE,GK,0,0,0,0,0,0,0,0,0,0
1020,Avazbek Ulmasaliyev,UZB,DF,0,0,0,0,0,0,0,0,0,0
1020,Woodensky Pierre,HAI,MF,0,0,0,0,0,0,0,0,0,0
1020,Moutaz Neffati,TUN,DF,0,0,0,0,0,0,0,0,0,0
1020,Alexandre Pierre,HAI,GK,0,0,0,0,0,0,0,0,0,0
1020,Augustine Boakye,GHA,MF,0,0,0,0,0,0,0,0,0,0
1020,Carl Sainte,HAI,MF,0,0,0,0,0,0,0,0,0,0
1020,Ahmed Reda Tagnaouti,MAR,GK,0,0,0,0,0,0,0,0,0,0
1020,Youssef Belammari,MAR,DF,0,0,0,0,0,0,0,0,0,0
1020,Antoine Mendy,SEN,DF,0,0,0,0,0,0,0,0,0,0
1020,Olwethu Makhanya,RSA,DF,0,0,0,0,0,0,0,0,0,0
1020,Samukele Kabini,RSA,DF,0,0,0,0,0,0,0,0,0,0
1020,Markhus Lacroix,HAI,DF,0,0,0,0,0,0,0,0,0,0
1020,Raed Chikhaoui,TUN,DF,0,0,0,0,0,0,0,0,0,0
1020,Wilguens Paugain,HAI,DF,0,0,0,0,0,0,0,0,0,0
1020,Sabri Ben Hessen,TUN,GK,0,0,0,0,0,0,0,0,0,0
1020,Cherif Ndiaye,SEN,FW,0,0,0,0,0,0,0,0,0,0
1020,Yehvann Diouf,SEN,GK,0,0,0,0,0,0,0,0,0,0
1020,Tarek Alaa,EGY,DF,0,0,0,0,0,0,0,0,0,0
1020,Adam Arous,TUN,DF,0,0,0,0,0,0,0,0,0,0
1020,Khulumani Ndamane,RSA,DF,0,0,0,0,0,0,0,0,0,0
1020,Abdul Mumin,GHA,DF,0,0,0,0,0,0,0,0,0,0
1020,Dayne St Clair,CAN,GK,0,0,0,0,0,0,0,0,0,0
1020,Bradley Cross,RSA,DF,0,0,0,0,0,0,0,0,0,0
1020,Joseph Anang,GHA,GK,0,0,0,0,0,0,0,0,0,0
1020,Alfie Jones,CAN,DF,0,0,0,0,0,0,0,0,0,0
1020,Thabang Matuludi,RSA,DF,0,0,0,0,0,0,0,0,0,0
1020,Nabil Donga,EGY,MF,0,0,0,0,0,0,0,0,0,0
1020,Mohamed Alaa,EGY,GK,0,0,0,0,0,0,0,0,0,0
1020,Mohamed Elshenawy,EGY,GK,0,0,0,0,0,0,0,0,0,0
1020,Owen Goodman,CAN,GK,0,0,0,0,0,0,0,0,0,0
1020,Josue Duverger,HAI,GK,0,0,0,0,0,0,0,0,0,0
1020,Mamadou Sarr,SEN,DF,0,0,0,0,0,0,0,0,0,0
1020,Alban Lafont,CIV,GK,0,0,0,0,0,0,0,0,0,0
1020,Mahdy Soliman,EGY,GK,0,0,0,0,0,0,0,0,0,0
1020,Munir El Kajoui,MAR,GK,0,0,0,0,0,0,0,0,0,0
1020,Ricardo Goss,RSA,GK,0,0,0,0,0,0,0,0,0,0
1020,Khalil Ayari,TUN,MF,0,0,0,0,0,0,0,0,0,0
1020,Mohamed Kone,CIV,GK,0,0,0,0,0,0,0,0,0,0
1020,Kelvin Pires,CPV,DF,0,0,0,0,0,0,0,0,0,0
1020,Christopher Bonsu Baah,GHA,FW,0,0,0,0,0,0,0,0,0,0
1020,Garven Metusala,HAI,DF,0,0,0,0,0,0,0,0,0,0
1020,Joel Waterman,CAN,DF,0,0,0,0,0,0,0,0,0,0
1020,Sipho Chaine,RSA,GK,0,0,0,0,0,0,0,0,0,0
1020,Parfait Guiagon,CIV,MF,0,0,0,0,0,0,0,0,0,0
1020,Rayan Elloumi,TUN,FW,0,0,0,0,0,0,0,0,0,0
1020,Baba Rahman,GHA,DF,0,0,0,0,0,0,0,0,0,0
1020,Evan Ndicka,CIV,DF,0,0,0,0,0,0,0,0,0,0
1020,Mike Penders,BEL,GK,0,0,0,0,0,0,0,0,0,0
1020,Mark Flekken,NED,GK,0,0,0,0,0,0,0,0,0,0
1020,Mats Wieffer,NED,DF,0,0,0,0,0,0,0,0,0,0
1020,Lutsharel Geertruida,NED,DF,0,0,0,0,0,0,0,0,0,0
1020,Robin Roefs,NED,GK,0,0,0,0,0,0,0,0,0,0
1020,David Affengruber,AUT,DF,0,0,0,0,0,0,0,0,0,0
1020,Florian Wiegele,AUT,GK,0,0,0,0,0,0,0,0,0,0
1020,Michael Svoboda,AUT,DF,0,0,0,0,0,0,0,0,0,0
1020,Assan Ouedraogo,GER,MF,0,0,0,0,0,0,0,0,0,0
1020,Koni De Winter,BEL,DF,0,0,0,0,0,0,0,0,0,0
1020,Alexander Nuebel,GER,GK,0,0,0,0,0,0,0,0,0,0
1020,Zeno Debast,BEL,DF,0,0,0,0,0,0,0,0,0,0
1020,Oliver Baumann,GER,GK,0,0,0,0,0,0,0,0,0,0
1020,Brice Samba,FRA,GK,0,0,0,0,0,0,0,0,0,0
1020,Robin Risser,FRA,GK,0,0,0,0,0,0,0,0,0,0
1020,Sander Tangvik,NOR,GK,0,0,0,0,0,0,0,0,0,0
1020,Dejan Ljubicic,AUT,MF,0,0,0,0,0,0,0,0,0,0
1020,Lucas Hernandez,FRA,DF,0,0,0,0,0,0,0,0,0,0
1020,Jose Sa,POR,GK,0,0,0,0,0,0,0,0,0,0
1020,Goncalo Guedes,POR,FW,0,0,0,0,0,0,0,0,0,0
1020,Patrick Pentz,AUT,GK,0,0,0,0,0,0,0,0,0,0
1020,Marcus Thuram,FRA,FW,0,0,0,0,0,0,0,0,0,0
1020,Ngolo Kante,FRA,MF,0,0,0,0,0,0,0,0,0,0
1020,Duje Caleta Car,CRO,DF,0,0,0,0,0,0,0,0,0,0
1020,James Trafford,ENG,GK,0,0,0,0,0,0,0,0,0,0
1020,Kobbie Mainoo,ENG,MF,0,0,0,0,0,0,0,0,0,0
1020,Martin Erlic,CRO,DF,0,0,0,0,0,0,0,0,0,0
1020,Nikola Moro,CRO,MF,0,0,0,0,0,0,0,0,0,0
1020,Goncalo Inacio,POR,DF,0,0,0,0,0,0,0,0,0,0
1020,Trevoh Chalobah,ENG,DF,0,0,0,0,0,0,0,0,0,0
1020,Rui Silva,POR,GK,0,0,0,0,0,0,0,0,0,0
1020,Alessandro Schoepf,AUT,MF,0,0,0,0,0,0,0,0,0,0
1020,Dean Henderson,ENG,GK,0,0,0,0,0,0,0,0,0,0
1020,Kristijan Jakic,CRO,DF,0,0,0,0,0,0,0,0,0,0
1020,Craig Gordon,SCO,GK,0,0,0,0,0,0,0,0,0,0
1020,Ivor Pandur,CRO,GK,0,0,0,0,0,0,0,0,0,0
1020,Toni Fruk,CRO,MF,0,0,0,0,0,0,0,0,0,0
1020,Dominik Kotarski,CRO,GK,0,0,0,0,0,0,0,0,0,0
1020,Santiago Mele,URU,GK,0,0,0,0,0,0,0,0,0,0
1020,Weverton,BRA,GK,0,0,0,0,0,0,0,0,0,0
1020,Ronald Araujo,URU,DF,0,0,0,0,0,0,0,0,0,0
1020,Felix Torres,ECU,DF,0,0,0,0,0,0,0,0,0,0
1020,Roderick Miller,PAN,DF,0,0,0,0,0,0,0,0,0,0
1020,Chris Brady,USA,GK,0,0,0,0,0,0,0,0,0,0
1020,Jorge Carrascal,COL,MF,0,0,0,0,0,0,0,0,0,0
1020,Denil Castillo,ECU,MF,0,0,0,0,0,0,0,0,0,0
1020,Gatito Fernandez,PAR,GK,0,0,0,0,0,0,0,0,0,0
1020,Jeremy Arevalo,ECU,FW,0,0,0,0,0,0,0,0,0,0
1020,Alvaro Montero,COL,GK,0,0,0,0,0,0,0,0,0,0
1020,Emiliano Martinez,URU,MF,0,0,0,0,0,0,0,0,0,0
1020,Cristian Roldan,USA,MF,0,0,0,0,0,0,0,0,0,0
1020,Moises Ramirez,ECU,GK,0,0,0,0,0,0,0,0,0,0
1020,Cesar Yanis,PAN,MF,0,0,0,0,0,0,0,0,0,0
1020,Willer Ditta,COL,DF,0,0,0,0,0,0,0,0,0,0
1020,Leo Pereira,BRA,DF,0,0,0,0,0,0,0,0,0,0
1020,Anthony Valencia,ECU,MF,0,0,0,0,0,0,0,0,0,0
1020,Santiago Bueno,URU,DF,0,0,0,0,0,0,0,0,0,0
1020,Rodrigo Zalazar,URU,MF,0,0,0,0,0,0,0,0,0,0
1020,Joaquin Piquerez,URU,MF,0,0,0,0,0,0,0,0,0,0
1020,Fabian Balbuena,PAR,DF,0,0,0,0,0,0,0,0,0,0
1020,Jose Maria Gimenez,URU,DF,0,0,0,0,0,0,0,0,0,0
1020,Adalberto Carrasquilla,PAN,MF,0,0,0,0,0,0,0,0,0,0
1020,Facundo Pellistri,URU,FW,0,0,0,0,0,0,0,0,0,0
1020,Bremer,BRA,DF,0,0,0,0,0,0,0,0,0,0
1020,Keeto Thermoncy,HAI,DF,0,0,0,0,0,0,0,0,0,0
1020,Gonzalo Valle,ECU,GK,0,0,0,0,0,0,0,0,0,0
1020,Andres Gomez,COL,FW,0,0,0,0,0,0,0,0,0,0
1020,Geronimo Rulli,ARG,GK,0,0,0,0,0,0,0,0,0,0
1020,Carlos Acevedo,MEX,GK,0,0,0,0,0,0,0,0,0,0
1020,Juan Portilla,COL,MF,0,0,0,0,0,0,0,0,0,0
1020,Giorgian De Arrascaeta,URU,MF,0,0,0,0,0,0,0,0,0,0
1020,Gaston Olveira,PAR,GK,0,0,0,0,0,0,0,0,0,0
1020,David Ospina,COL,GK,0,0,0,0,0,0,0,0,0,0
1020,Edgardo Farina,PAN,DF,0,0,0,0,0,0,0,0,0,0
1020,Cesar Samudio,PAN,GK,0,0,0,0,0,0,0,0,0,0
1020,Ederson,BRA,GK,0,0,0,0,0,0,0,0,0,0
1020,Luis Mejia,PAN,GK,0,0,0,0,0,0,0,0,0,0
1020,Juan Musso,ARG,GK,0,0,0,0,0,0,0,0,0,0
1020,Max Arfsten,USA,DF,0,0,0,0,0,0,0,0,0,0
1020,Trevor Doornbusch,CUW,GK,0,0,0,0,0,0,0,0,0,0
1020,Mladen Jurkas,BIH,GK,0,0,0,0,0,0,0,0,0,0
1020,Kevin Felida,CUW,MF,0,0,0,0,0,0,0,0,0,0
1020,Arjany Martha,CUW,MF,0,0,0,0,0,0,0,0,0,0
1020,Martin Zlomislic,BIH,GK,0,0,0,0,0,0,0,0,0,0
1020,Tyrick Bodak,CUW,GK,0,0,0,0,0,0,0,0,0,0
