Rank,Player,Country,Position,Offers To Receive,Offers In Behind,Offers In Between,Offers In Front,Offers Inside Team Shape,Offers Outside Team Shape,Receptions In Behind,Receptions Between Midfield And Defensive Line,Receptions Under Pressure,Player Involvements
1,Jude Bellingham,ENG,MF,431,110,230,91,323,108,12,79,158,493
2,Rodri,ESP,MF,389,5,115,269,277,112,2,39,232,1459
3,Kylian Mbappe,FRA,FW,358,164,130,64,236,122,23,144,157,534
4,Marc Cucurella,ESP,DF,342,139,109,94,73,269,15,105,145,809
5,Bruno Guimaraes,BRA,MF,339,56,156,127,258,81,5,51,92,459
6,Daniel Munoz,COL,DF,338,135,109,94,53,285,8,38,52,461
7,Neil El Aynaoui,MAR,MF,334,37,99,198,250,84,1,25,154,918
8,Pedri,ESP,MF,330,42,131,157,249,81,5,58,150,900
8,Granit Xhaka,SUI,MF,330,5,129,196,231,99,0,35,110,997
10,Martin Odegaard,NOR,MF,329,29,173,127,212,117,5,99,132,789
11,Elliot Anderson,ENG,MF,328,20,75,233,238,90,2,12,166,836
11,Remo Freuler,SUI,MF,328,43,138,147,228,100,3,34,105,694
13,Azzedine Ounahi,MAR,MF,316,51,144,121,177,139,2,81,126,683
14,Michael Olise,FRA,FW,312,55,172,85,204,108,8,116,206,823
15,Ismael Saibari,MAR,MF,298,151,117,30,182,116,9,67,94,246
16,Luis Diaz,COL,FW,295,148,121,26,130,165,11,116,104,415
17,Rodrigo De Paul,ARG,MF,284,29,144,111,118,166,3,34,89,590
18,Enzo Fernandez,ARG,MF,276,44,104,128,155,121,4,72,125,853
19,Alex Baena,ESP,MF,274,122,112,40,148,126,12,127,89,496
19,Mikel Oyarzabal,ESP,FW,274,142,118,14,224,50,13,111,117,353
21,Arda Guler,TUR,FW,268,40,122,106,157,111,6,46,89,455
22,Lamine Yamal,ESP,FW,266,102,138,26,96,170,27,193,166,599
23,Vinicius Junior,BRA,FW,263,104,130,29,113,150,17,93,111,397
24,Fabian Ruiz,ESP,MF,262,38,116,108,174,88,2,36,77,534
25,Pedro Vite,ECU,MF,261,11,108,142,153,108,1,27,83,640
26,Weston Mckennie,USA,MF,260,94,125,41,139,121,14,84,138,497
26,Gustavo Puerta,COL,DF,260,48,108,104,145,115,3,44,116,643
28,Dani Olmo,ESP,FW,256,76,139,41,206,50,3,73,103,474
29,Achraf Hakimi,MAR,DF,253,79,114,60,102,151,12,92,167,971
30,Bruno Fernandes,POR,MF,251,53,135,63,150,101,5,86,115,640
31,Youri Tielemans,BEL,MF,248,61,87,100,174,74,3,41,125,591
31,Julian Quinones,MEX,FW,248,99,115,34,120,128,6,84,141,355
33,Marawan Attia,EGY,MF,245,8,79,158,140,105,0,22,119,749
34,Jules Kounde,FRA,DF,242,107,53,82,101,141,9,62,70,742
35,Emam Ashour,EGY,MF,241,49,128,64,114,127,5,50,85,471
36,Kevin De Bruyne,BEL,MF,223,76,96,51,126,97,6,61,86,446
37,Julian Alvarez,ARG,FW,221,88,76,57,142,79,2,84,87,354
38,Florian Wirtz,GER,MF,218,71,100,47,96,122,4,117,99,599
39,Joao Neves,POR,MF,214,52,74,88,158,56,2,40,107,558
40,Leandro Trossard,BEL,FW,213,84,95,34,105,108,10,92,95,500
41,Stephen Eustaquio,CAN,MF,212,22,76,114,133,79,1,31,127,618
41,Daichi Kamada,JPN,MF,212,19,92,101,134,78,0,34,52,436
41,Ibrahim Maza,ALG,MF,212,39,122,51,153,59,4,59,136,342
44,Lewis Ferguson,SCO,MF,210,1,73,136,146,64,0,1,44,427
45,Oswin Appollis,RSA,FW,209,85,102,22,102,107,2,46,83,231
45,Jonathan David,CAN,FW,209,64,117,28,133,76,11,93,97,307
47,Nico Oreilly,ENG,DF,205,46,73,86,88,117,6,33,75,472
48,Kai Havertz,GER,FW,204,95,88,21,127,77,8,80,78,290
49,Fares Chaibi,ALG,MF,202,38,84,80,121,81,4,46,102,535
50,Tyler Adams,USA,MF,200,1,33,166,147,53,0,10,67,482
50,Lionel Messi,ARG,FW,200,45,101,54,126,74,4,113,147,679
52,Roberto Alvarado,MEX,FW,198,57,100,41,74,124,3,82,102,477
52,Danilo,BRA,DF,198,45,41,112,35,163,4,21,44,604
52,Adrien Rabiot,FRA,MF,198,54,49,95,135,63,8,28,109,681
55,Mohamed Salah,EGY,FW,197,68,112,17,112,85,5,93,92,339
55,Brahim Diaz,MAR,FW,197,68,100,29,103,94,6,86,131,414
57,Vitinha,POR,MF,195,7,64,124,139,56,0,15,86,838
57,Ferran Torres,ESP,FW,195,94,74,27,161,34,10,81,57,218
59,Lucas Paqueta,BRA,MF,192,22,89,81,110,82,1,20,78,412
60,Luis Suarez,COL,FW,191,81,108,2,167,24,5,59,52,148
61,Alexis Mac Allister,ARG,MF,190,39,60,91,143,47,2,45,165,778
62,Amine Gouiri,ALG,FW,188,69,107,12,139,49,3,40,40,137
63,Cristiano Ronaldo,POR,FW,187,92,81,14,147,40,8,65,69,239
64,Matheus Cunha,BRA,FW,184,53,92,39,146,38,2,46,71,223
65,Nahuel Molina,ARG,DF,183,68,70,45,40,143,5,40,87,421
65,Pedro Neto,POR,FW,183,83,81,19,49,134,8,79,83,374
67,Ousmane Dembele,FRA,FW,181,62,81,38,71,110,11,157,145,668
68,Jamal Musiala,GER,MF,180,32,113,35,121,59,6,65,131,288
68,Anis Slimane,TUN,MF,180,57,85,38,149,31,0,30,42,162
70,Patrick Berg,NOR,MF,178,35,79,64,123,55,1,39,83,386
70,Aurelien Tchouameni,FRA,MF,178,2,35,141,137,41,1,8,64,537
72,Fredrik Aursnes,NOR,MF,177,44,68,65,78,99,3,24,55,375
72,Christian Pulisic,USA,FW,177,57,90,30,80,97,4,47,66,211
72,Hwang Inbeom,KOR,MF,177,12,64,101,135,42,3,11,68,459
75,Lautaro Martinez,ARG,FW,176,93,70,13,129,47,4,56,58,182
75,Alistair Johnston,CAN,DF,176,53,50,73,39,137,8,47,88,509
77,Noni Madueke,ENG,FW,175,80,75,20,38,137,17,68,40,277
77,Folarin Balogun,USA,FW,175,104,69,2,134,41,21,55,64,153
79,Gonzalo Plata,ECU,FW,174,31,119,24,112,62,3,86,108,362
79,Ayyoub Bouaddi,MAR,MF,174,19,51,104,117,57,0,19,111,578
79,Desire Doue,FRA,FW,174,50,81,43,57,117,12,78,85,428
82,Anthony Gordon,ENG,FW,173,65,77,31,72,101,9,74,91,257
83,Fabian Rieder,SUI,MF,172,48,110,14,106,66,7,56,82,232
84,Jefferson Lerma,COL,MF,171,3,44,124,145,26,1,14,90,592
84,Johan Mojica,COL,DF,171,32,75,64,17,154,4,26,84,435
86,Thiago Almada,ARG,FW,170,41,85,44,122,48,1,52,89,368
87,Jhon Arias,COL,MF,167,35,80,52,92,75,2,54,115,530
87,Sander Berge,NOR,MF,167,2,48,117,122,45,1,27,116,891
87,Konrad Laimer,AUT,MF,167,57,78,32,76,91,10,42,113,336
90,Nicolas Raskin,BEL,MF,166,11,50,105,115,51,2,14,69,498
90,Mostafa Zico,EGY,MF,166,83,68,15,99,67,6,61,56,215
90,Mohamed Hany,EGY,DF,166,46,80,40,33,133,9,40,85,601
90,Omar Marmoush,EGY,FW,166,73,79,14,93,73,5,58,84,218
94,Tijjani Reijnders,NED,MF,165,51,68,46,118,47,3,26,35,166
94,Ayase Ueda,JPN,FW,165,82,80,3,141,24,2,45,59,117
96,Leandro Paredes,ARG,MF,164,1,23,140,115,49,0,6,42,926
96,Petar Sucic,CRO,MF,164,44,73,47,98,66,6,43,62,294
96,David Moller Wolfe,NOR,DF,164,45,73,46,62,102,4,26,76,382
96,Sadio Mane,SEN,FW,164,85,65,14,84,80,18,86,103,350
100,Josip Stanisic,CRO,DF,163,41,56,66,30,133,3,22,51,322
100,Antonee Robinson,USA,DF,163,52,58,53,17,146,10,49,74,481
102,Elijah Just,NZL,MF,162,36,101,25,100,62,2,35,72,236
102,Timothy Castagne,BEL,DF,162,67,37,58,43,119,8,30,84,575
104,Charles De Ketelaere,BEL,FW,161,101,56,4,105,56,10,80,82,230
104,Lee Kangin,KOR,MF,161,12,71,78,62,99,0,42,108,376
104,Riyad Mahrez,ALG,FW,161,83,59,19,62,99,4,51,73,325
107,Aleksandar Pavlovic,GER,MF,158,4,54,100,119,39,0,20,67,548
108,Declan Rice,ENG,MF,157,25,51,81,100,57,3,25,86,488
108,James Rodriguez,COL,MF,157,24,84,49,75,82,3,52,76,509
108,Bilal El Khannouss,MAR,MF,157,49,88,20,61,96,8,80,119,543
111,Hans Vanaken,BEL,MF,156,20,90,46,111,45,2,46,77,362
112,Cedric Bakambu,COD,FW,155,91,64,0,128,27,2,29,29,63
112,Keito Nakamura,JPN,MF,155,52,85,18,32,123,4,56,72,272
114,Pedro Porro,ESP,DF,154,47,66,41,38,116,8,62,110,660
115,Breel Embolo,SUI,FW,153,101,51,1,131,22,10,83,88,199
115,Luis Romo,MEX,MF,153,41,70,42,119,34,2,21,62,242
117,Nathaniel Brown,GER,DF,152,60,55,37,62,90,8,41,65,304
118,Ryan Mendes,CPV,FW,151,52,84,15,50,101,0,35,51,211
118,Ramin Rezaeian,IRN,DF,151,29,67,55,19,132,3,19,43,223
120,Hannibal Mejbri,TUN,MF,150,25,93,32,73,77,3,30,75,289
121,Raul Jimenez,MEX,FW,149,73,72,4,107,42,6,75,74,190
121,Antonio Nusa,NOR,FW,149,27,110,12,39,110,1,62,67,234
123,Leroy Sane,GER,MF,148,55,73,20,36,112,2,94,122,439
123,Noah Sadiki,COD,MF,148,9,96,43,109,39,0,20,47,242
123,Moises Caicedo,ECU,MF,148,7,58,83,110,38,0,24,64,640
123,Gilberto Mora,MEX,MF,148,34,83,31,96,52,2,37,52,209
123,Yasin Ayari,SWE,MF,148,21,59,68,111,37,2,28,85,278
128,Jeremy Doku,BEL,FW,147,51,73,23,58,89,5,88,87,263
129,Samuel Moutoussamy,COD,MF,146,8,79,59,109,37,1,14,62,320
130,Teboho Mokoena,RSA,MF,144,13,50,81,89,55,1,12,87,428
131,Junya Ito,JPN,MF,143,36,86,21,80,63,4,45,54,215
131,Frenkie De Jong,NED,MF,143,2,32,109,106,37,0,8,69,519
133,Idrissa Gana Gueye,SEN,MF,142,6,54,82,103,39,2,11,86,578
134,Lamine Camara,SEN,MF,141,32,63,46,101,40,2,25,98,307
134,Luka Modric,CRO,MF,141,14,47,80,114,27,1,13,50,509
134,Aaron Wan Bissaka,COD,DF,141,58,48,35,39,102,5,19,54,287
134,Agustin Canobbio,URU,MF,141,76,50,15,42,99,9,50,60,185
138,Sergino Dest,USA,DF,140,70,48,22,63,77,4,54,53,248
138,Rodrigo Bentancur,URU,MF,140,23,57,60,111,29,1,24,82,396
138,Connor Metcalfe,AUS,MF,140,34,89,17,80,60,2,37,64,199
141,Sarpreet Singh,NZL,MF,139,39,77,23,65,74,1,54,63,196
141,Erik Lira,MEX,MF,139,4,59,76,105,34,1,11,46,425
141,Reece James,ENG,DF,139,21,44,74,57,82,3,17,28,325
144,Nicolas Seiwald,AUT,MF,138,14,45,79,96,42,1,10,57,339
144,Aiden Oneill,AUS,MF,138,6,61,71,103,35,1,23,103,388
146,Joao Felix,POR,FW,137,56,58,23,95,42,7,49,72,162
147,Nicolas Pepe,CIV,FW,136,51,64,21,88,48,8,59,57,267
147,Malik Tillman,USA,MF,136,28,73,35,93,43,7,68,118,418
147,Jesus Gallardo,MEX,DF,136,36,56,44,20,116,6,46,58,366
147,Jorge Sanchez,MEX,DF,136,54,43,39,31,105,3,25,38,270
151,Maxi Araujo,URU,MF,135,74,51,10,72,63,7,45,55,174
151,Ivan Perisic,CRO,FW,135,67,47,21,34,101,10,44,57,335
151,Alexander Sorloth,NOR,FW,135,56,78,1,49,86,3,83,88,276
154,Alexander Isak,SWE,FW,134,64,66,4,105,29,7,57,69,194
154,Yan Diomande,CIV,FW,134,24,92,18,45,89,6,88,106,372
154,Paik Seungho,KOR,MF,134,4,43,87,92,42,1,10,67,317
157,Dan Ndoye,SUI,FW,133,85,48,0,63,70,19,85,97,281
158,Tani Oluwaseyi,CAN,FW,132,94,36,2,107,25,6,49,55,131
159,Romano Schmid,AUT,MF,131,45,71,15,81,50,6,46,76,220
159,Pau Cubarsi,ESP,DF,131,0,0,131,71,60,0,3,63,1198
161,Franck Kessie,CIV,MF,130,27,59,44,101,29,4,31,83,413
161,Ryan Gravenberch,NED,MF,130,29,62,39,89,41,3,32,87,308
161,Oscar Bobb,NOR,MF,130,31,89,10,54,76,5,73,64,264
164,Romelu Lukaku,BEL,FW,129,85,41,3,107,22,1,53,43,110
164,Ricardo Pepi,USA,FW,129,69,53,7,104,25,2,40,42,103
164,Rayan Ait Nouri,ALG,DF,129,42,52,35,39,90,4,51,83,451
167,Yoane Wissa,COD,FW,127,52,64,11,103,24,3,50,81,195
167,Ismaila Sarr,SEN,FW,127,68,51,8,96,31,7,73,102,213
167,Nicolas Jackson,SEN,FW,127,73,40,14,96,31,4,38,42,114
170,Ezri Konsa,ENG,DF,125,4,8,113,66,59,0,3,54,859
170,Maxim De Cuyper,BEL,DF,125,47,46,32,47,78,8,38,68,541
170,Brian Gutierrez,MEX,MF,125,33,63,29,82,43,4,29,38,153
173,Facundo Medina,ARG,DF,124,41,33,50,25,99,5,19,41,281
173,Ali Ahmed,CAN,FW,124,50,60,14,37,87,5,45,45,188
173,Kaishu Sano,JPN,MF,124,6,39,79,93,31,2,6,42,287
176,Marcel Sabitzer,AUT,MF,121,47,66,8,48,73,7,80,76,324
177,Marcus Rashford,ENG,FW,120,70,37,13,30,90,13,58,63,226
177,Morgan Rogers,ENG,MF,120,47,46,27,88,32,3,35,51,149
177,Edgar Yoel Barcenas,PAN,MF,120,9,66,45,86,34,1,13,49,239
180,Djed Spence,ENG,DF,119,32,40,47,26,93,7,15,43,296
180,Martin Baturina,CRO,MF,119,40,62,17,59,60,3,53,74,240
180,Ao Tanaka,JPN,MF,119,2,33,84,103,16,0,7,38,331
180,Mohanad Lashin,EGY,MF,119,2,25,92,61,58,1,11,64,406
184,Scott Mctominay,SCO,MF,117,37,45,35,71,46,0,32,64,226
184,Joao Cancelo,POR,DF,117,41,40,36,42,75,8,44,66,406
186,Martin Experience,HAI,DF,116,41,45,30,32,84,1,25,47,243
186,Tahith Chong,CUW,MF,116,31,78,7,73,43,4,38,78,169
188,Kerim Alajbegovic,BIH,FW,115,33,63,19,27,88,2,50,77,241
188,Sphephelo Sithole,RSA,MF,115,3,48,64,85,30,0,11,47,288
188,Nuno Mendes,POR,DF,115,39,53,23,36,79,9,56,85,630
188,Harry Kane,ENG,FW,115,38,57,20,96,19,6,61,72,237
188,Guillermo Varela,URU,DF,115,33,49,33,24,91,4,26,34,271
188,Akmal Mozgovoy,UZB,MF,115,10,80,25,84,31,1,16,40,182
188,Johan Manzambi,SUI,MF,115,37,66,12,82,33,5,36,57,153
188,Otabek Shukurov,UZB,MF,115,2,59,54,80,35,0,8,56,252
196,Sebastian Berhalter,USA,MF,114,6,41,67,83,31,0,8,51,307
196,Casemiro,BRA,MF,114,6,37,71,85,29,2,15,79,487
196,John Yeboah,ECU,FW,114,39,55,20,43,71,3,52,86,262
196,Zidane Iqbal,IRQ,MF,114,0,61,53,92,22,0,8,28,268
200,Felix Nmecha,GER,MF,113,38,47,28,73,40,3,26,66,313
201,Xaver Schlager,AUT,MF,112,2,48,62,92,20,0,8,61,301
201,Bradley Barcola,FRA,FW,112,66,32,14,51,61,13,87,78,281
201,Djibril Sow,SUI,MF,112,26,63,23,59,53,4,19,50,215
204,Piero Hincapie,ECU,DF,111,39,35,37,30,81,7,33,57,419
205,Gabriel Martinelli,BRA,FW,110,30,42,38,71,39,2,11,32,151
205,Richie Laryea,CAN,DF,110,42,39,29,48,62,6,28,76,428
205,Callum Mccowatt,NZL,MF,110,32,55,23,59,51,3,22,53,205
205,Anthony Elanga,SWE,FW,110,47,56,7,40,70,7,39,59,192
209,Jean Ricner Bellegarde,HAI,MF,109,8,53,48,82,27,0,17,58,299
210,Alex Freeman,USA,DF,108,10,34,64,20,88,4,22,76,591
210,Chris Wood,NZL,FW,108,48,59,1,77,31,0,54,55,119
210,Ricardo Rodriguez,SUI,DF,108,42,39,27,18,90,4,44,82,603
210,Manuel Akanji,SUI,DF,108,2,6,100,56,52,1,4,75,999
214,Unai Simon,ESP,GK,107,0,0,107,73,34,0,0,9,523
214,Pape Gueye,SEN,MF,107,13,51,43,79,28,2,16,99,369
214,Dayot Upamecano,FRA,DF,107,2,6,99,53,54,0,6,89,943
214,Andreas Schjelderup,NOR,MF,107,25,69,13,23,84,4,70,58,250
218,Lucas Digne,FRA,DF,106,48,34,24,28,78,5,35,45,563
218,Viktor Gyokeres,SWE,FW,106,68,36,2,65,41,12,81,82,197
218,Ermedin Demirovic,BIH,FW,106,67,31,8,82,24,3,36,53,112
218,Esmir Bajraktarevic,BIH,FW,106,45,48,13,40,66,5,35,61,180
218,Houssem Aouar,ALG,MF,106,43,46,17,62,44,4,29,55,185
218,Federico Vinas,URU,FW,106,58,42,6,80,26,4,21,29,82
224,Orkun Kokcu,TUR,MF,105,20,48,37,73,32,2,23,41,204
224,Jamiro Monteiro,CPV,MF,105,12,73,20,69,36,0,17,65,259
226,Salem Aldawsari,KSA,FW,104,61,33,10,50,54,3,50,64,193
226,Abbosbek Fayzullaev,UZB,MF,104,45,52,7,64,40,0,30,33,102
228,Baris Alper Yilmaz,TUR,FW,103,65,34,4,47,56,8,43,49,119
228,Mikel Merino,ESP,MF,103,35,58,10,68,35,3,31,47,182
228,Edson Alvarez,MEX,DF,103,3,29,71,69,34,0,3,36,324
228,Cody Gakpo,NED,FW,103,56,39,8,54,49,5,86,72,257
228,Diney Borges,CPV,DF,103,2,2,99,57,46,0,3,42,388
233,Daizen Maeda,JPN,MF,102,73,25,4,71,31,8,31,33,92
233,Juan Manuel Sanabria,URU,MF,102,64,29,9,28,74,7,30,53,230
233,Ali Abdi,TUN,DF,102,46,48,8,21,81,5,17,35,153
236,Amir Murillo,PAN,DF,101,35,46,20,15,86,5,26,67,260
237,Ali Alhamadi,IRQ,FW,100,53,45,2,79,21,5,23,33,90
237,Jackson Irvine,AUS,MF,100,19,43,38,69,31,2,25,67,279
237,Pavel Sulc,CZE,FW,100,39,59,2,55,45,4,36,47,129
237,Ruben Providence,HAI,FW,100,31,61,8,44,56,4,27,47,144
237,Soufiane Rahimi,MAR,FW,100,69,26,5,78,22,11,32,33,112
237,Joshua Kimmich,GER,DF,100,6,21,73,45,55,1,10,73,778
237,Paul Wanner,AUT,MF,100,31,40,29,76,24,3,23,63,191
244,Benjamin Tahirovic,BIH,MF,99,5,42,52,69,30,2,8,47,238
244,Michel Aebischer,SUI,MF,99,24,52,23,59,40,2,27,30,173
246,Marko Stamenic,NZL,MF,98,6,26,66,66,32,0,9,53,364
246,Torbjorn Heggem,NOR,DF,98,1,9,88,39,59,1,5,49,606
246,Enner Valencia,ECU,FW,98,56,35,7,64,34,9,42,43,125
249,Rafik Belghali,ALG,DF,97,54,27,16,42,55,7,31,83,406
249,Ritsu Doan,JPN,MF,97,42,41,14,45,52,2,44,65,222
249,Son Heungmin,KOR,FW,97,51,34,12,70,27,6,35,50,142
249,Eldor Shomurodov,UZB,FW,97,45,45,7,69,28,1,68,58,175
249,Ferdi Kadioglu,TUR,DF,97,30,33,34,36,61,2,32,41,353
249,Lawrence Shankland,SCO,FW,97,46,45,6,80,17,1,29,30,83
255,Stefan Posch,AUT,DF,96,30,47,19,13,83,4,26,88,274
255,Aubrey Modiba,RSA,DF,96,27,48,21,19,77,2,26,54,308
257,Tajon Buchanan,CAN,FW,95,55,34,6,25,70,14,73,97,262
257,Ibrahim Mbaye,SEN,FW,95,36,38,21,26,69,4,41,58,176
257,Amad Diallo,CIV,FW,95,34,40,21,31,64,3,48,62,193
257,Mohammad Mohebbi,IRN,MF,95,41,41,13,36,59,3,43,61,159
261,Mehdi Taremi,IRN,FW,94,53,29,12,63,31,3,55,69,185
261,Joe Bell,NZL,MF,94,0,49,45,69,25,0,8,47,309
261,Carlos Harvey,PAN,DF,94,10,45,39,63,31,3,23,57,255
264,Manuel Ugarte,URU,MF,93,1,20,72,73,20,0,4,61,296
264,Aymeric Laporte,ESP,DF,93,6,3,84,42,51,0,4,64,1181
264,Ruben Vargas,SUI,FW,93,63,26,4,37,56,7,75,44,237
267,Antoine Semenyo,GHA,MF,92,45,33,14,54,38,3,44,50,176
267,Nabil Bentaleb,ALG,MF,92,1,25,66,73,19,0,7,56,589
269,Nicolas Tagliafico,ARG,DF,91,41,20,30,22,69,6,32,26,279
269,Andres Andrade,PAN,DF,91,3,24,64,21,70,1,2,71,380
269,Brian Brobbey,NED,FW,91,75,13,3,77,14,5,25,28,61
272,Manu Kone,FRA,MF,90,3,24,63,63,27,1,12,96,586
272,Ibrahim Bayesh,IRQ,MF,90,50,35,5,42,48,2,24,42,128
272,Nasser Aldawsari,KSA,MF,90,3,31,56,56,34,0,12,60,240
272,Ismail Jakobs,SEN,DF,90,40,28,22,25,65,6,36,40,236
272,Julio Enciso,PAR,FW,90,38,41,11,43,47,5,50,81,201
272,Alvaro Fidalgo,MEX,MF,90,9,40,41,39,51,0,16,15,172
278,Gavi,ESP,MF,89,27,45,17,61,28,1,22,25,78
278,Yasser Ibrahim,EGY,DF,89,0,3,86,50,39,0,3,25,533
280,Mateo Kovacic,CRO,MF,88,4,27,57,60,28,1,15,86,442
280,Merchas Doski,IRQ,DF,88,15,45,28,22,66,1,11,58,298
282,Bukayo Saka,ENG,FW,87,44,28,15,37,50,18,52,48,234
282,Matias Galarza,PAR,MF,87,24,47,16,35,52,3,35,80,280
284,Douglas Santos,BRA,DF,86,31,30,25,25,61,7,43,78,571
284,Raphinha,BRA,FW,86,39,41,6,40,46,5,28,37,120
284,Seol Youngwoo,KOR,DF,86,42,38,6,42,44,9,40,58,258
284,Jordan Ayew,GHA,FW,86,51,28,7,58,28,4,37,45,124
284,Thalente Mbatha,RSA,MF,86,15,38,33,65,21,1,12,38,222
284,Vladimir Coufal,CZE,DF,86,42,29,15,11,75,3,27,44,252
290,Noor Alrawabdeh,JOR,MF,85,4,35,46,63,22,0,10,69,253
290,Ramy Rabia,EGY,DF,85,4,4,77,48,37,1,1,23,525
290,Guela Doue,CIV,DF,85,29,38,18,26,59,3,28,73,343
293,Thapelo Maseko,RSA,FW,84,43,37,4,42,42,3,40,49,152
293,Chemsdine Talbi,MAR,MF,84,42,31,11,25,59,3,25,34,144
293,Kenan Yildiz,TUR,FW,84,38,28,18,30,54,2,92,128,307
293,Thomas Meunier,BEL,DF,84,38,22,24,29,55,5,23,34,243
293,Diego Gomez,PAR,MF,84,10,43,31,58,26,0,21,63,247
293,Odeh Fakhoury,JOR,FW,84,48,33,3,49,35,3,9,19,53
299,Sidny Lopes Cabral,CPV,DF,83,18,48,17,12,71,2,16,54,234
299,Akram Afif,QAT,FW,83,23,54,6,42,41,2,40,69,217
299,Brandon Mechele,BEL,DF,83,5,5,73,37,46,1,9,71,842
299,Dodi Lukebakio,BEL,FW,83,39,26,18,30,53,1,34,32,154
303,Denzel Dumfries,NED,DF,82,40,29,13,18,64,13,44,56,379
303,Donyell Malen,NED,FW,82,40,30,12,46,36,4,42,38,107
303,Laros Duarte,CPV,MF,82,7,65,10,62,20,3,16,34,106
303,Miguel Almiron,PAR,MF,82,13,53,16,32,50,2,26,54,183
303,Federico Valverde,URU,MF,82,24,33,25,37,45,3,32,60,281
303,Giovanni Reyna,USA,MF,82,9,49,24,53,29,1,31,59,192
309,Mousa Altamari,JOR,FW,81,47,25,9,50,31,6,33,45,102
309,Hiroki Ito,JPN,DF,81,9,19,53,16,65,1,11,46,417
309,Benjamin Nygren,SWE,MF,81,16,55,10,51,30,1,17,33,119
312,Mahmoud Almardi,JOR,FW,80,28,48,4,49,31,4,17,37,105
312,Amir Alammari,IRQ,MF,80,5,35,40,49,31,1,6,40,261
312,Crysencio Summerville,NED,FW,80,39,28,13,40,40,6,46,62,182
312,Yan Valery,TUN,DF,80,38,33,9,5,75,4,28,35,163
316,Musab Aljuwayr,KSA,MF,79,20,54,5,43,36,1,28,49,173
316,Hakan Calhanoglu,TUR,MF,79,8,27,44,53,26,2,9,54,420
316,Marc Guehi,ENG,DF,79,1,2,76,39,40,0,3,32,814
319,Aymen Hussein,IRQ,FW,78,47,28,3,59,19,1,20,18,43
319,Trezeguet,EGY,FW,78,33,28,17,35,43,8,41,52,204
321,Chadi Riad,MAR,DF,77,0,3,74,48,29,0,2,22,464
321,Ahmed Fatouh,EGY,DF,77,19,25,33,21,56,2,23,57,370
321,Ivan Basic,BIH,MF,77,2,22,53,58,19,0,7,37,234
324,Jordan Bos,AUS,DF,76,27,37,12,26,50,7,41,93,286
324,Ramy Bensebaini,ALG,DF,76,1,1,74,37,39,0,1,69,814
324,Mohannad Abutaha,JOR,MF,76,25,36,15,19,57,2,25,64,213
324,Rafael Leao,POR,FW,76,20,48,8,10,66,4,43,63,205
324,Ante Budimir,CRO,FW,76,65,10,1,68,8,1,14,16,37
324,Jose Luis Rodriguez,PAN,MF,76,31,39,6,34,42,9,43,45,154
324,Haissem Hassan,EGY,FW,76,4,37,35,11,65,2,8,9,109
324,Cyle Larin,CAN,FW,76,44,21,11,48,28,1,29,34,74
324,Christ Inao Oulai,CIV,MF,76,1,36,39,37,39,0,22,58,286
333,Liam Millar,CAN,MF,75,36,35,4,19,56,4,33,26,166
333,Iqraam Rayners,RSA,FW,75,57,17,1,51,24,5,25,28,62
333,Francisco Conceicao,POR,FW,75,35,36,4,19,56,6,53,56,173
333,Cristian Volpato,AUS,FW,75,17,52,6,43,32,1,58,70,188
337,Ben Gannon Doak,SCO,FW,74,39,24,11,21,53,5,30,44,142
337,Zeki Celik,TUR,DF,74,24,19,31,13,61,3,7,29,164
337,Liberato Cacace,NZL,DF,74,31,34,9,13,61,1,25,42,197
337,Alexis Saelemaekers,BEL,MF,74,23,37,14,40,34,2,29,18,106
341,Erling Haaland,NOR,FW,73,51,22,0,59,14,8,64,68,171
341,Danley Jean Jacques,HAI,MF,73,2,27,44,36,37,0,11,30,243
341,Zaid Ismael,IRQ,MF,73,2,28,43,60,13,0,7,32,150
341,Cristian Martinez,PAN,MF,73,28,34,11,30,43,4,37,42,188
341,Nico Gonzalez,ARG,MF,73,60,11,2,45,28,21,49,49,220
341,Nico Paz,ARG,FW,73,7,47,19,50,23,0,12,51,125
347,Mauricio,PAR,MF,72,16,34,22,43,29,2,21,48,173
347,Kristoffer Ajer,NOR,DF,72,4,2,66,44,28,0,4,39,590
349,Josue Casimir,HAI,FW,71,39,29,3,35,36,2,20,46,121
349,Kerem Akturkoglu,TUR,FW,71,57,12,2,66,5,2,18,20,45
349,Yunus Akgun,TUR,FW,71,35,29,7,36,35,0,24,24,117
349,Kevin Pina,CPV,MF,71,1,26,44,53,18,0,5,66,359
349,Ange Yoan Bonny,CIV,FW,71,51,20,0,63,8,7,36,49,92
349,Hicham Boudaoui,ALG,MF,71,17,24,30,32,39,1,5,29,186
355,Lee Gihyuk,KOR,MF,70,0,7,63,21,49,0,2,71,500
356,Aziz Behich,AUS,DF,69,24,30,15,8,61,4,17,45,178
356,Nicolas De La Cruz,URU,MF,69,15,33,21,47,22,1,13,33,130
356,Krepin Diatta,SEN,DF,69,19,23,27,13,56,3,36,126,588
356,Livano Comenencia,CUW,MF,69,6,42,21,50,19,1,11,44,160
360,Edmilson Junior,QAT,FW,68,40,25,3,21,47,8,16,38,106
360,Habib Diarra,SEN,MF,68,36,19,13,52,16,1,15,33,133
360,Cesar Blackman,PAN,DF,68,10,47,11,7,61,1,23,51,172
363,Amar Memic,BIH,MF,67,38,19,10,22,45,0,20,40,135
363,Juergen Locadia,CUW,FW,67,47,20,0,44,23,2,42,42,108
363,Nikola Vlasic,CRO,MF,67,30,28,9,38,29,1,22,45,105
363,Michal Sadilek,CZE,MF,67,15,26,26,35,32,2,16,36,201
363,Lukas Cerv,CZE,MF,67,2,28,37,54,13,0,4,18,97
363,Iliman Ndiaye,SEN,FW,67,17,36,14,33,34,3,38,49,137
369,Dailon Livramento,CPV,FW,66,43,23,0,53,13,2,18,23,55
369,Jordan Pickford,ENG,GK,66,0,0,66,46,20,0,0,6,427
369,Alexandr Sojka,CZE,MF,66,10,36,20,26,40,0,24,44,155
369,Pico Lopes,CPV,DF,66,2,6,58,24,42,0,3,38,384
369,Lee Jaesung,KOR,MF,66,18,38,10,43,23,4,28,40,137
374,Oh Hyeongyu,KOR,FW,65,35,27,3,52,13,3,22,26,62
374,Nilson Angulo,ECU,FW,65,28,26,11,22,43,2,43,55,193
376,Richard Rios,COL,MF,64,17,31,16,38,26,2,14,20,130
376,Edo Kayembe,COD,MF,64,7,37,20,42,22,1,18,37,108
376,Caleb Yirenkyi,GHA,MF,64,29,18,17,44,20,2,20,61,165
376,Kamaldeen Sulemana,GHA,FW,64,19,34,11,21,43,1,12,19,85
376,Nico Williams,ESP,FW,64,37,23,4,25,39,1,25,21,76
376,Alexander Schlager,AUT,GK,64,0,0,64,48,16,0,0,2,247
382,Nizar Alrashdan,JOR,MF,63,7,41,15,36,27,0,12,42,204
382,Ali Olwan,JOR,FW,63,22,36,5,30,33,12,40,47,147
382,Jesper Karlstrom,SWE,MF,63,2,22,39,41,22,0,4,20,79
382,Che Adams,SCO,FW,63,34,26,3,56,7,3,9,16,41
382,Ellyes Skhiri,TUN,MF,63,2,18,43,53,10,0,7,20,230
387,Sofyan Amrabat,MAR,MF,62,2,10,50,50,12,0,3,20,217
387,Ghislain Konan,CIV,DF,62,19,25,18,14,48,5,13,60,313
387,Khuliso Mudau,RSA,DF,62,30,25,7,17,45,6,17,64,394
387,Sebastian Tounekti,TUN,MF,62,19,41,2,46,16,1,13,15,46
387,Jacob Shaffelburg,CAN,MF,62,30,23,9,12,50,6,25,25,137
387,Marcus Holmgren Pedersen,NOR,DF,62,25,18,19,15,47,4,15,33,213
387,Raul Rangel,MEX,GK,62,1,0,61,42,20,0,0,7,317
387,Leandro Bacuna,CUW,MF,62,5,33,24,41,21,0,24,60,291
387,Ngalayel Mukau,COD,MF,62,11,35,16,39,23,0,19,41,164
396,Jassem Gaber,QAT,DF,61,5,41,15,47,14,0,5,18,69
396,Willy Semedo,CPV,MF,61,29,28,4,23,38,1,28,33,105
396,Gideon Mensah,GHA,DF,61,15,23,23,4,57,2,7,35,378
399,Ronwen Williams,RSA,GK,60,0,0,60,42,18,0,0,8,443
399,Ismael Gharbi,TUN,MF,60,12,36,12,36,24,0,14,21,84
399,Arthur Masuaku,COD,DF,60,6,31,23,11,49,0,12,38,363
399,Saeid Ezatolahi,IRN,MF,60,1,22,37,50,10,0,6,40,227
399,Finn Surman,NZL,DF,60,0,0,60,21,39,0,4,24,310
399,Gregor Kobel,SUI,GK,60,0,0,60,32,28,0,0,10,472
399,Behruzjon Karimov,UZB,DF,60,8,42,10,7,53,1,12,30,125
406,Ayoub El Kaabi,MAR,FW,59,45,12,2,39,20,2,10,14,31
406,Davinson Sanchez,COL,DF,59,0,1,58,22,37,0,8,53,755
406,Marquinhos,BRA,DF,59,3,2,54,32,27,0,3,30,785
406,Thelo Aasgaard,NOR,MF,59,9,31,19,44,15,0,14,34,99
406,William Saliba,FRA,DF,59,1,0,58,29,30,1,2,27,659
406,Andy Robertson,SCO,DF,59,17,27,15,8,51,2,24,42,316
412,Bernardo Silva,POR,MF,58,26,12,20,33,25,1,11,17,124
412,Moussa Niakhate,SEN,DF,58,2,1,55,29,29,0,5,56,585
412,Karim Boudiaf,QAT,MF,58,7,34,17,31,27,0,5,19,143
412,Mohammed Abu Alshamat,KSA,DF,58,15,28,15,28,30,1,27,44,143
416,Hwang Heechan,KOR,MF,57,15,28,14,28,29,1,18,29,105
416,Milad Mohammadi,IRN,DF,57,31,18,8,20,37,4,12,26,174
416,Ehsan Haddad,JOR,DF,57,11,30,16,3,54,0,23,48,167
416,Denis Zakaria,SUI,MF,57,26,20,11,18,39,4,56,68,411
416,Marcos Llorente,ESP,DF,57,19,16,22,15,42,3,22,35,324
416,Ivan Sunjic,BIH,MF,57,0,13,44,41,16,0,5,41,221
416,Gabriel Magalhaes,BRA,DF,57,3,2,52,25,32,0,2,22,876
416,Andres Cubas,PAR,MF,57,0,20,37,48,9,0,7,56,285
416,Jovane Cabral,CPV,MF,57,21,32,4,29,28,0,21,24,84
425,Elye Wahi,CIV,FW,56,37,19,0,49,7,3,24,22,55
425,Relebohile Mofokeng,RSA,FW,56,18,34,4,37,19,3,34,22,130
425,Amar Dedic,BIH,DF,56,23,19,14,11,45,1,3,40,204
425,Silvan Widmer,SUI,DF,56,20,21,15,14,42,5,9,29,159
425,Kenny Mclean,SCO,MF,56,2,24,30,42,14,1,4,21,137
425,Theo Hernandez,FRA,DF,56,24,21,11,25,31,3,12,30,271
425,Lee Taeseok,KOR,DF,56,32,20,4,18,38,3,14,20,103
425,Deroy Duarte,CPV,MF,56,11,29,16,41,15,1,14,51,228
425,Steven Moreira,CPV,DF,56,10,35,11,14,42,0,11,39,226
425,Ramiz Zerrouki,ALG,MF,56,8,12,36,39,17,1,4,37,226
425,Jose Fajardo,PAN,FW,56,47,9,0,44,12,1,19,16,50
436,Juan Jose Caceres,PAR,DF,55,19,17,19,8,47,0,15,66,270
436,Hamdy Fathy,EGY,MF,55,5,10,40,22,33,0,9,33,274
436,Marvin Senaya,GHA,DF,55,17,11,27,12,43,3,10,25,201
436,Wilson Isidor,HAI,FW,55,34,18,3,44,11,1,18,22,64
436,Alessandro Circati,AUS,DF,55,4,10,41,16,39,0,9,63,448
436,Edin Dzeko,BIH,FW,55,16,33,6,40,15,4,22,36,111
436,Nestory Irankunda,AUS,FW,55,34,20,1,36,19,6,43,51,124
436,Nathan Patterson,SCO,DF,55,10,19,26,10,45,0,10,21,222
436,Ali Jasim,IRQ,FW,55,16,32,7,21,34,4,23,39,96
445,Ibrahim Sangare,CIV,MF,54,2,20,32,38,16,0,9,78,391
445,David Raum,GER,DF,54,27,14,13,18,36,4,13,15,134
445,Rayan,BRA,FW,54,33,19,2,23,31,7,75,76,245
445,Sead Kolasinac,BIH,DF,54,25,13,16,14,40,5,23,93,370
449,Besfort Zeneli,SWE,MF,53,12,24,17,36,17,1,10,18,86
449,Lee Hanbeom,KOR,DF,53,6,8,39,3,50,1,10,33,403
449,El Hadji Malick Diouf,SEN,DF,53,17,17,19,11,42,1,16,23,194
449,Jean Kevin Duverne,HAI,DF,53,5,20,28,10,43,0,6,21,154
449,Camilo Vargas,COL,GK,53,0,0,53,30,23,0,0,3,368
454,Santiago Gimenez,MEX,FW,52,36,16,0,34,18,3,19,19,41
454,Ahmed Qasem,IRQ,FW,52,37,14,1,31,21,2,11,21,47
454,Nelson Semedo,POR,DF,52,18,25,9,26,26,3,7,26,196
454,Jonathan Tah,GER,DF,52,2,1,49,37,15,0,4,59,794
454,Jorgen Strand Larsen,NOR,FW,52,34,16,2,47,5,1,21,26,54
454,John Mcginn,SCO,MF,52,11,39,2,25,27,2,35,41,161
454,Nico Elvedi,SUI,DF,52,1,9,42,27,25,0,4,99,946
454,Lucas Bergvall,SWE,MF,52,7,16,29,43,9,3,14,40,193
454,Mert Muldur,TUR,DF,52,20,24,8,8,44,2,27,26,173
454,Paul Okon Engstler,AUS,MF,52,1,26,25,34,18,0,6,41,204
454,Ime Okon,RSA,DF,52,1,2,49,14,38,0,3,46,582
454,Ismael Kone,CAN,MF,52,3,24,25,36,16,0,14,38,238
466,Nathan Saliba,CAN,MF,51,4,13,34,32,19,2,8,40,206
466,Endrick,BRA,FW,51,36,12,3,44,7,2,18,20,57
466,Israel Reyes,MEX,DF,51,7,12,32,9,42,1,2,28,206
466,Feras Albrikan,KSA,FW,51,27,23,1,33,18,2,38,41,108
466,Gabriel Gudmundsson,SWE,DF,51,10,10,31,10,41,1,11,44,282
466,Ajdin Hrustic,AUS,FW,51,14,32,5,27,24,2,15,30,80
472,Lukas Provod,CZE,MF,50,31,15,4,24,26,2,24,20,109
472,Juan Quintero,COL,MF,50,10,28,12,27,23,1,22,35,202
472,Mateo Chavez,MEX,DF,50,9,27,14,14,36,0,6,5,49
472,Johan Vasquez,MEX,DF,50,3,8,39,21,29,0,5,29,485
472,Mahmoud Saber,EGY,MF,50,2,14,34,26,24,0,3,10,80
472,Samir El Mourabet,MAR,MF,50,10,21,19,34,16,0,13,35,231
472,Lenny Joseph,HAI,FW,50,31,17,2,39,11,1,28,28,61
472,Anis Hadj Moussa,ALG,FW,50,24,22,4,15,35,2,20,27,95
480,Moteb Alharbi,KSA,DF,49,18,19,12,20,29,4,8,25,168
480,Nuno Da Costa,CPV,MF,49,32,16,1,32,17,4,31,33,71
480,Ahmed Fathy,QAT,MF,49,3,18,28,41,8,0,4,14,146
480,Kevin Rodriguez,ECU,FW,49,33,15,1,38,11,3,35,35,79
480,Karim Hafez,EGY,DF,49,7,21,21,10,39,3,5,44,232
485,Axel Tuanzebe,COD,DF,48,2,5,41,30,18,0,0,49,314
485,Jack Hendry,SCO,DF,48,0,3,45,20,28,0,2,20,352
485,Ismail Yuksek,TUR,MF,48,7,11,30,35,13,2,4,33,249
485,Alan Franco,ECU,MF,48,11,11,26,14,34,2,7,31,300
485,Pervis Estupinan,ECU,DF,48,24,13,11,22,26,3,23,19,130
490,Dominique Simon,HAI,MF,47,2,24,21,34,13,1,2,11,64
490,Andrej Kramaric,CRO,FW,47,18,22,7,32,15,0,10,9,47
490,Kieran Tierney,SCO,DF,47,14,22,11,8,39,1,17,20,113
490,Diego Moreira,BEL,MF,47,12,21,14,20,27,1,11,5,41
490,Rayan Cherki,FRA,MF,47,5,30,12,34,13,2,21,45,166
495,Mike Maignan,FRA,GK,46,0,0,46,32,14,0,0,8,401
495,Kristian Thorstvedt,NOR,MF,46,16,22,8,31,15,1,12,25,62
495,Giovani Lo Celso,ARG,MF,46,4,22,20,31,15,0,7,27,108
495,Gonzalo Montiel,ARG,DF,46,28,11,7,14,32,2,15,27,136
495,Abdullah Alkhaibari,KSA,MF,46,1,15,30,33,13,0,7,30,133
495,Adil Boulbina,ALG,FW,46,20,19,7,13,33,2,6,20,42
495,Wagner Pina,CPV,DF,46,18,22,6,14,32,2,10,13,87
495,Kwasi Sibo,GHA,MF,46,2,12,32,42,4,0,7,28,204
495,Jesse Randall,NZL,FW,46,23,21,2,20,26,2,6,16,50
495,Gustaf Lagerbielke,SWE,DF,46,0,8,38,11,35,0,11,35,433
505,Yeremy Pino,ESP,FW,45,24,17,4,22,23,1,26,17,67
505,Brian Cipenga,COD,FW,45,29,11,5,15,30,3,49,48,154
505,Nathanael Mbuku,COD,MF,45,12,26,7,11,34,0,27,36,134
505,Renato Veiga,POR,DF,45,2,0,43,15,30,0,3,34,713
505,Willian Pacho,ECU,DF,45,0,0,45,29,16,0,1,37,488
505,Gessime Yassine,MAR,MF,45,21,15,9,21,24,0,17,31,91
505,Elias Saad,TUN,FW,45,12,32,1,25,20,2,19,35,76
505,Abdul Fatawu,GHA,FW,45,19,23,3,4,41,3,24,38,90
505,Zizo,EGY,FW,45,14,21,10,19,26,3,13,12,68
505,Juninho Bacuna,CUW,MF,45,13,27,5,25,20,4,36,71,201
515,Joshua Brenet,CUW,DF,44,18,20,6,8,36,1,10,32,121
515,Amadou Onana,BEL,MF,44,2,16,26,35,9,0,6,29,143
515,Eberechi Eze,ENG,MF,44,17,21,6,33,11,1,25,31,97
515,Teun Koopmeiners,NED,MF,44,8,13,23,29,15,0,4,7,127
515,Ladislav Krejci,CZE,DF,44,4,3,37,18,26,1,9,43,333
515,Adam Hlozek,CZE,FW,44,20,20,4,32,12,4,26,31,70
515,Patrik Schick,CZE,FW,44,23,21,0,34,10,0,27,32,75
515,Jacob Italiano,AUS,DF,44,19,22,3,17,27,3,25,24,116
515,Saud Abdulhamid,KSA,DF,44,25,12,7,12,32,9,15,50,241
515,Hussein Ali,IRQ,DF,44,24,18,2,3,41,2,10,8,82
515,Niko Sigur,CAN,DF,44,4,17,23,26,18,2,9,36,149
526,Evidence Makgopa,RSA,FW,43,32,10,1,35,8,3,30,28,77
526,Luc De Fougerolles,CAN,DF,43,6,4,33,25,18,2,7,32,404
526,Anass Salah Eddine,MAR,DF,43,11,8,24,11,32,3,10,55,338
526,Jan Paul Van Hecke,NED,DF,43,2,3,38,13,30,0,5,48,739
526,Petar Musa,CRO,FW,43,33,9,1,38,5,0,10,13,29
526,Joe Scally,USA,DF,43,11,17,15,10,33,2,10,25,122
532,Brenden Aaronson,USA,FW,42,17,22,3,27,15,4,18,14,67
532,Marco Pasalic,CRO,FW,42,21,17,4,9,33,6,33,32,115
534,Josip Sutalo,CRO,DF,41,0,2,39,22,19,0,2,43,570
534,Grant Hanley,SCO,DF,41,0,0,41,12,29,0,1,14,206
534,Louicius Deedson,HAI,FW,41,21,16,4,15,26,0,14,14,54
534,Carlens Arcus,HAI,DF,41,11,25,5,10,31,0,11,10,124
534,Saman Ghoddos,IRN,MF,41,7,15,19,30,11,1,20,38,162
539,Yukinari Sugawara,JPN,DF,40,13,20,7,12,28,4,18,32,153
539,Marko Farji,IRQ,FW,40,19,19,2,9,31,2,5,17,36
539,David Alaba,AUT,DF,40,3,7,30,17,23,0,4,54,441
539,Alexander Bernhardsson,SWE,DF,40,15,15,10,10,30,0,28,36,150
539,Thomas Partey,GHA,MF,40,0,8,32,33,7,0,8,31,324
539,Jayden Adams,RSA,MF,40,10,19,11,31,9,0,11,20,92
539,Brian Rodriguez,URU,FW,40,16,18,6,2,38,3,19,18,77
539,Lisandro Martinez,ARG,DF,40,2,1,37,15,25,0,3,63,799
547,Carney Chukwuemeka,AUT,MF,39,11,17,11,24,15,1,18,27,77
547,Orjan Nyland,NOR,GK,39,0,0,39,25,14,0,0,2,370
547,Nikola Katic,BIH,DF,39,0,1,38,10,29,0,4,37,345
547,Abdullah Alhamddan,KSA,FW,39,13,21,5,24,15,0,16,17,52
551,Kim Seunggyu,KOR,GK,38,0,0,38,27,11,0,0,7,230
551,Sultan Albrake,QAT,DF,38,14,10,14,10,28,4,8,11,89
551,Giuliano Simeone,ARG,FW,38,15,20,3,12,26,2,23,23,84
551,Emiliano Martinez,ARG,GK,38,0,0,38,21,17,0,0,2,352
551,Thibaut Courtois,BEL,GK,38,0,0,38,29,9,0,0,3,372
551,Inaki Williams,GHA,FW,38,26,12,0,17,21,0,23,25,67
551,Moise Bombito,CAN,DF,38,2,1,35,19,19,1,1,22,236
551,Mohamed Amine Ben Hmida,TUN,DF,38,2,0,36,12,26,0,1,18,208
559,Jaminton Campaz,COL,FW,37,16,21,0,16,21,2,13,14,59
559,Takehiro Tomiyasu,JPN,DF,37,0,7,30,8,29,1,0,10,258
559,John Stones,ENG,DF,37,2,1,34,26,11,0,2,10,305
559,Elliot Stroud,SWE,DF,37,9,19,9,10,27,0,10,21,115
563,Merih Demiral,TUR,DF,36,17,4,15,19,17,2,10,26,273
563,Darwin Nunez,URU,FW,36,30,6,0,27,9,4,26,25,65
563,Mathias Olivera,URU,DF,36,8,8,20,14,22,1,10,40,480
563,Deiver Machado,COL,DF,36,16,17,3,7,29,1,9,7,52
563,Elisha Owusu,GHA,MF,36,8,9,19,23,13,2,7,41,134
563,Pape Matar Sarr,SEN,MF,36,6,12,18,24,12,1,4,13,106
563,Noussair Mazraoui,MAR,DF,36,7,12,17,15,21,3,7,44,560
563,Igor Matanovic,CRO,FW,36,15,19,2,33,3,0,22,16,44
571,Memphis Depay,NED,FW,35,19,14,2,31,4,0,17,18,39
571,Virgil Van Dijk,NED,DF,35,0,1,34,17,18,1,4,40,718
571,Michael Gregoritsch,AUT,FW,35,23,12,0,25,10,1,21,25,62
571,Diogo Dalot,POR,DF,35,10,12,13,12,23,1,6,25,86
571,Jose Cordoba,PAN,DF,35,0,2,33,23,12,0,4,29,387
571,Guillermo Martinez,MEX,FW,35,20,14,1,32,3,0,14,16,35
571,Ermin Mahmic,BIH,MF,35,13,16,6,26,9,0,6,5,45
571,Azizjon Ganiev,UZB,MF,35,7,23,5,13,22,2,19,28,138
571,Victor Lindelof,SWE,DF,35,0,3,32,18,17,0,4,24,430
571,Ben Old,NZL,MF,35,17,13,5,17,18,1,12,24,75
571,Rani Khedira,TUN,MF,35,11,17,7,31,4,1,5,19,74
571,Gilson Benchimol,CPV,FW,35,20,15,0,24,11,1,7,12,26
571,Vozinha,CPV,GK,35,0,0,35,19,16,0,0,7,299
571,Chancel Mbemba,COD,DF,35,2,1,32,12,23,0,11,35,340
571,Alireza Jahanbakhsh,IRN,MF,35,16,13,6,20,15,1,6,10,30
586,Jaouen Hadjam,ALG,DF,34,19,11,4,16,18,0,10,26,147
586,Helio Varela,CPV,MF,34,20,12,2,9,25,2,24,17,77
586,Fabinho,BRA,MF,34,0,12,22,29,5,0,1,11,93
586,Issa Diop,MAR,DF,34,1,1,32,9,25,0,4,27,676
586,Brandon Thomas Asante,GHA,FW,34,26,8,0,23,11,2,8,8,18
586,Lucas Herrington,AUS,DF,34,0,0,34,7,27,0,3,41,232
592,Kim Minjae,KOR,DF,33,0,0,33,20,13,0,2,43,459
592,Mohamed Kanno,KSA,MF,33,4,15,14,29,4,1,27,56,244
592,Aissa Mandi,ALG,DF,33,3,4,26,13,20,0,1,27,774
592,Ruben Neves,POR,MF,33,4,14,15,17,16,0,2,9,63
592,Morten Thorsby,NOR,MF,33,9,16,8,23,10,0,5,18,39
592,Phillip Mwene,AUT,DF,33,10,13,10,5,28,8,21,16,149
592,Jeremy Antonisse,CUW,FW,33,10,18,5,21,12,0,11,14,82
592,Sherel Floranus,CUW,DF,33,10,11,12,14,19,0,8,42,232
592,Jonas Adjetey,GHA,DF,33,0,0,33,18,15,0,2,11,251
601,Yassine Bounou,MAR,GK,32,0,0,32,18,14,0,0,9,383
601,Bazoumana Toure,CIV,FW,32,16,16,0,8,24,3,13,22,69
601,Joao Paulo,CPV,MF,32,4,20,8,6,26,1,12,25,144
601,Harry Souttar,AUS,DF,32,3,2,27,20,12,0,6,46,409
601,Dostonbek Khamdamov,UZB,MF,32,17,13,2,22,10,1,20,22,92
601,Ryan Christie,SCO,MF,32,0,21,11,16,16,0,15,24,90
601,Issa Laye,QAT,DF,32,1,8,23,15,17,0,5,22,202
601,Alireza Beiranvand,IRN,GK,32,0,0,32,18,14,0,0,4,185
601,Shoja Khalilzadeh,IRN,DF,32,0,1,31,22,10,0,3,17,297
601,Alan Minda,ECU,MF,32,16,16,0,12,20,2,10,14,43
601,Neymar Jr,BRA,FW,32,2,21,9,19,13,1,11,8,72
601,Chris Richards,USA,DF,32,2,1,29,21,11,0,1,39,597
613,Sebastian Caceres,URU,DF,31,1,0,30,18,13,0,4,20,373
613,Jhon Cordoba,COL,FW,31,22,9,0,25,6,3,13,9,32
613,Daniel Svensson,SWE,DF,31,9,18,4,17,14,0,8,12,88
613,Ardon Jashari,SUI,MF,31,9,16,6,26,5,0,11,17,72
613,Tim Payne,NZL,DF,31,10,12,9,5,26,2,11,41,191
613,Florian Grillitsch,AUT,MF,31,2,10,19,22,9,0,3,16,133
613,Mario Pasalic,CRO,MF,31,3,17,11,23,8,0,9,22,119
613,Ruben Dias,POR,DF,31,0,1,30,19,12,0,1,36,510
613,Pathe Ciss,SEN,MF,31,0,5,26,24,7,0,2,17,298
613,Emmanuel Agbadou,CIV,DF,31,0,6,25,17,14,0,5,31,323
613,Elias Achouri,TUN,FW,31,17,13,1,16,15,0,3,10,33
613,Abdulaziz Hatem,QAT,MF,31,5,13,13,26,5,2,5,20,65
626,Azarias Londono,PAN,FW,30,14,16,0,13,17,0,14,10,56
626,Miro Muheim,SUI,DF,30,9,13,8,2,28,0,6,9,77
626,Ali Azaizeh,JOR,FW,30,11,19,0,18,12,0,12,16,35
626,Lionel Mpasi,COD,GK,30,0,0,30,17,13,0,0,5,248
626,Abdulelah Alamri,KSA,DF,30,4,2,24,15,15,2,2,15,212
626,Montassar Talbi,TUN,DF,30,2,2,26,11,19,0,2,24,236
632,Mbekezeli Mbokazi,RSA,DF,29,5,6,18,13,16,0,4,29,466
632,Wilfried Singo,CIV,DF,29,4,7,18,6,23,1,5,43,203
632,Angelo Preciado,ECU,DF,29,11,10,8,4,25,3,16,22,106
632,Danilo Santos,BRA,MF,29,10,10,9,20,9,0,3,18,65
632,Hernan Galindez,ECU,GK,29,0,0,29,21,8,0,0,2,191
632,Justin Kluivert,NED,MF,29,13,14,2,15,14,2,3,5,18
632,Abdallah Nasib,JOR,DF,29,0,2,27,1,28,0,1,13,190
632,Garry Rodrigues,CPV,MF,29,18,11,0,16,13,0,13,11,40
632,Kou Itakura,JPN,DF,29,0,0,29,24,5,0,0,3,222
632,Odiljon Xamrobekov,UZB,MF,29,2,14,13,25,4,0,10,22,93
632,Sherzod Nasrullaev,UZB,DF,29,9,15,5,5,24,1,16,20,118
643,Cedric Itten,SUI,FW,28,26,2,0,22,6,1,6,7,19
643,Santiago Arias,COL,DF,28,17,7,4,5,23,4,9,16,95
643,Fernando Muslera,URU,GK,28,0,0,28,19,9,0,0,0,144
643,Frantzdy Pierrot,HAI,FW,28,19,8,1,22,6,1,23,25,48
643,Shogo Taniguchi,JPN,DF,28,1,2,25,17,11,1,0,20,245
643,Ali Nemati,IRN,DF,28,3,1,24,12,16,1,4,22,265
643,Nathan Ake,NED,DF,28,1,5,22,5,23,0,3,17,253
643,Manuel Neuer,GER,GK,28,0,0,28,19,9,0,0,5,256
643,Angelo Stiller,GER,MF,28,0,13,15,25,3,0,3,10,72
643,Bart Verbruggen,NED,GK,28,0,0,28,22,6,0,0,0,237
653,Leon Goretzka,GER,MF,27,12,9,6,19,8,2,11,19,80
653,Nathan Ngoy,BEL,DF,27,0,1,26,12,15,0,0,33,477
653,Orlando Mosquera,PAN,GK,27,0,0,27,20,7,0,0,2,185
653,Tomas Soucek,CZE,MF,27,3,16,8,20,7,0,5,17,99
653,Lyndon Dykes,SCO,FW,27,11,16,0,24,3,0,13,11,27
653,Salih Ozcan,TUR,MF,27,1,6,20,23,4,0,1,30,133
653,Boualem Khoukhi,QAT,DF,27,4,5,18,17,10,0,6,13,236
653,Mohamed Amoura,ALG,FW,27,8,17,2,24,3,0,5,5,16
653,Aimar Sher,IRQ,MF,27,1,8,18,23,4,0,2,2,49
653,Kim Moonhwan,KOR,DF,27,14,9,4,10,17,0,7,1,49
663,Youssef Amyn,IRQ,MF,26,15,10,1,18,8,0,5,8,16
663,Pedro Miguel,QAT,DF,26,8,4,14,13,13,3,3,29,172
663,Mohammad Abualnadi,JOR,DF,26,0,2,24,4,22,0,1,10,60
663,Damian Bobadilla,PAR,MF,26,4,10,12,18,8,1,4,13,72
663,Cesar Montes,MEX,DF,26,2,1,23,13,13,1,3,23,361
663,Timothy Weah,USA,FW,26,11,12,3,10,16,3,18,24,80
663,Diogo Costa,POR,GK,26,0,0,26,15,11,0,0,3,217
663,Vladimir Darida,CZE,MF,26,9,13,4,16,10,0,5,17,42
663,Ugurcan Cakir,TUR,GK,26,0,1,25,13,13,0,0,2,185
663,Eren Elmali,TUR,DF,26,12,11,3,11,15,3,8,30,121
663,Isak Hien,SWE,DF,26,0,0,26,19,7,0,1,17,271
663,Aaron Hickey,SCO,DF,26,2,9,15,1,25,0,2,5,83
663,Michael Boxall,NZL,DF,26,0,0,26,9,17,0,3,18,240
676,Oston Urunov,UZB,MF,25,16,7,2,15,10,0,9,8,27
676,Mohamed Toure,AUS,FW,25,18,7,0,16,9,6,17,25,53
676,Abdulkerim Bardakci,TUR,DF,25,2,1,22,11,14,1,2,24,516
676,Marko Arnautovic,AUT,FW,25,17,8,0,19,6,5,25,30,75
676,Gabriel Avalos,PAR,FW,25,24,1,0,17,8,1,20,26,52
676,Kevin Danso,AUT,DF,25,1,2,22,10,15,1,6,28,349
676,Firas Chaouat,TUN,FW,25,22,3,0,20,5,1,5,5,14
676,Simon Adingra,CIV,FW,25,11,8,6,5,20,0,5,4,23
676,Omar Rekik,TUN,DF,25,0,9,16,2,23,0,7,22,205
685,Seko Fofana,CIV,MF,24,4,16,4,18,6,1,6,29,106
685,Azizbek Amonov,UZB,FW,24,15,7,2,17,7,1,4,9,17
685,Can Uzun,TUR,FW,24,5,6,13,13,11,1,9,20,64
685,Koki Ogawa,JPN,FW,24,12,10,2,22,2,1,5,4,12
685,Simon Banza,COD,FW,24,17,7,0,20,4,1,4,7,14
685,Charles Pickel,COD,MF,24,6,10,8,9,15,0,4,11,46
685,Armin Gigovic,BIH,MF,24,3,11,10,14,10,0,4,18,53
685,Francisco Trincao,POR,FW,24,6,18,0,19,5,0,8,15,35
685,Obed Vargas,MEX,MF,24,1,14,9,20,4,0,9,17,53
685,Cristian Romero,ARG,DF,24,3,2,19,15,9,1,4,60,706
685,Jiovany Ramos,PAN,DF,24,2,3,19,8,16,0,1,16,258
685,Jhon Lucumi,COL,DF,24,0,1,23,5,19,0,4,40,605
697,Nicolas Otamendi,ARG,DF,23,1,0,22,8,15,0,1,16,293
697,Ayoub Aloui,QAT,DF,23,4,12,7,2,21,1,2,11,57
697,Kalidou Koulibaly,SEN,DF,23,1,1,21,13,10,0,0,18,189
697,David Doudera,CZE,DF,23,10,10,3,7,16,0,10,20,107
701,Tyler Bindon,NZL,DF,22,11,7,4,6,16,1,6,26,147
701,Ryan Thomas,NZL,MF,22,6,12,4,15,7,1,15,22,62
701,Promise David,CAN,FW,22,15,7,0,18,4,2,18,18,46
701,Ernest Nuamah,GHA,FW,22,7,12,3,12,10,2,15,27,74
701,Steve Kapuadi,COD,DF,22,3,1,18,7,15,0,2,11,114
701,Husam Abudahab,JOR,DF,22,1,4,17,8,14,0,0,15,112
701,Sultan Mandash,KSA,FW,22,11,6,5,8,14,1,4,14,29
701,Nico Schlotterbeck,GER,DF,22,0,1,21,5,17,0,6,33,272
701,Arthur Theate,BEL,DF,22,0,0,22,8,14,0,3,40,353
701,Jordan Henderson,ENG,MF,22,1,4,17,20,2,1,0,5,27
711,Alexander Prass,AUT,MF,21,11,7,3,7,14,1,8,8,54
711,Malo Gusto,FRA,DF,21,7,7,7,4,17,0,5,6,67
711,Philipp Lienhart,AUT,DF,21,0,1,20,10,11,0,1,18,295
711,Matias Fernandez Pardo,BEL,FW,21,15,5,1,8,13,2,18,9,43
711,Julian Ryerson,NOR,FW,21,3,15,3,7,14,1,26,59,316
711,Hamza Abdelkarim,EGY,FW,21,17,4,0,17,4,1,6,6,30
711,Bara Sapoko Ndiaye,SEN,MF,21,3,10,8,15,6,0,3,6,27
711,Ismael Diaz,PAN,MF,21,8,13,0,13,8,1,11,11,48
711,Matias Vina,URU,DF,21,12,2,7,1,20,1,6,15,69
711,Junior Alonso,PAR,DF,21,2,6,13,2,19,1,8,48,233
711,Jaroslav Zeleny,CZE,DF,21,8,11,2,6,15,2,15,11,105
711,Rustam Ashurmatov,UZB,DF,21,0,0,21,2,19,0,0,22,243
711,Angus Gunn,SCO,GK,21,0,0,21,15,6,0,0,3,224
711,Max Crocombe,NZL,GK,21,0,0,21,13,8,0,0,0,185
711,Fiston Mayele,COD,FW,21,13,8,0,17,4,2,16,18,35
711,Hassan Alhaydos,QAT,FW,21,10,10,1,11,10,0,7,16,31
711,Sontje Hansen,CUW,FW,21,15,6,0,13,8,1,7,7,20
711,Jurien Gaari,CUW,DF,21,0,2,19,11,10,0,3,24,114
729,Gustavo Velazquez,PAR,DF,20,2,3,15,6,14,0,5,11,177
729,Guus Til,NED,MF,20,11,8,1,9,11,0,6,5,19
729,Lyle Foster,RSA,FW,20,10,8,2,12,8,0,6,7,15
729,Akam Hashim,IRQ,DF,20,1,2,17,6,14,1,1,25,313
729,Zion Suzuki,JPN,GK,20,0,0,20,14,6,0,0,1,204
729,Homam Ahmed,QAT,DF,20,13,6,1,5,15,1,7,13,75
729,Ahmed Alaaeldin,QAT,FW,20,11,8,1,15,5,0,8,11,26
729,Takefusa Kubo,JPN,MF,20,7,9,4,15,5,1,4,10,36
729,Luca Jaquez,SUI,DF,20,9,9,2,2,18,1,7,28,88
738,Taha Ali,SWE,FW,19,2,11,6,1,18,1,9,10,40
738,Deniz Undav,GER,FW,19,12,7,0,13,6,5,27,30,85
738,Quinten Timber,NED,MF,19,7,6,6,8,11,1,5,14,32
738,Valentin Barco,ARG,MF,19,4,14,1,9,10,0,14,8,41
738,Tim Ream,USA,DF,19,0,1,18,6,13,0,1,38,622
738,Alisson,BRA,GK,19,0,0,19,14,5,0,0,0,266
738,Orbelin Pineda,MEX,MF,19,7,9,3,14,5,0,6,11,20
738,Cecilio Waterman,PAN,FW,19,14,5,0,17,2,1,12,13,26
738,Hassan Altambakti,KSA,DF,19,0,1,18,10,9,0,1,24,184
738,Shahriyar Moghanloo,IRN,FW,19,13,6,0,15,4,4,22,17,66
738,Arya Yousefi,IRN,DF,19,6,12,1,8,11,1,7,21,42
738,Castrop Jens,KOR,DF,19,4,15,0,3,16,3,13,12,65
738,Assane Diao,SEN,FW,19,5,10,4,5,14,0,12,8,29
738,Mathieu Choiniere,CAN,MF,19,0,7,12,12,7,0,5,10,63
752,Mohamed Hadj Mahmoud,TUN,MF,18,2,9,7,11,7,0,1,7,24
752,Mory Diaw,SEN,GK,18,0,0,18,14,4,0,0,1,166
752,Edouard Mendy,SEN,GK,18,0,0,18,15,3,0,0,2,132
752,Jarell Quansah,ENG,DF,18,6,6,6,4,14,0,3,13,141
752,Leo Ostigard,NOR,DF,18,2,1,15,12,6,0,3,14,222
752,Jean Philippe Mateta,FRA,FW,18,13,5,0,13,5,1,3,5,11
752,Fredrik Andre Bjorkan,NOR,DF,18,7,5,6,3,15,1,2,7,46
752,Micky Van De Ven,NED,DF,18,8,2,8,5,13,3,11,24,242
752,Riechedly Bazoer,CUW,DF,18,0,3,15,9,9,0,1,4,71
752,Nikola Vasilj,BIH,GK,18,0,0,18,13,5,0,0,11,279
752,Denis Visinsky,CZE,FW,18,3,10,5,7,11,1,5,5,40
752,Abduvohid Nematov,UZB,GK,18,0,0,18,13,5,0,0,3,106
752,Kai Trewin,AUS,DF,18,3,10,5,2,16,2,7,14,73
752,Yusuf Abdurisag,QAT,FW,18,10,7,1,11,7,1,12,11,33
752,Assim Madibo,QAT,MF,18,0,7,11,12,6,0,3,21,75
752,Omar Alderete,PAR,DF,18,2,2,14,6,12,0,1,17,216
752,Exequiel Palacios,ARG,MF,18,3,4,11,7,11,1,4,21,190
752,Auston Trusty,USA,DF,18,3,5,10,3,15,2,5,11,108
770,Jordy Alcivar,ECU,MF,17,4,3,10,10,7,0,1,19,77
770,Jearl Margaritha,CUW,FW,17,11,6,0,9,8,2,7,9,19
770,Deveron Fonville,CUW,DF,17,5,8,4,3,14,0,9,53,151
770,Mortadha Ben Ouanes,TUN,DF,17,6,8,3,13,4,0,0,3,8
770,Yahia Fofana,CIV,GK,17,0,0,17,12,5,0,0,3,216
770,Prince Adu,GHA,FW,17,10,7,0,12,5,1,8,9,17
770,Mostafa Shoubir,EGY,GK,17,0,0,17,11,6,0,0,2,242
770,Patrick Wimmer,AUT,FW,17,10,6,1,4,13,0,11,14,32
770,Marin Pongracic,CRO,DF,17,2,1,14,11,6,0,2,28,423
770,Nadiem Amiri,GER,MF,17,2,8,7,9,8,0,4,5,48
770,Sasa Kalajdzic,AUT,FW,17,9,8,0,13,4,0,28,17,61
770,Yazan Alarab,JOR,DF,17,1,5,11,9,8,0,0,24,212
770,Ali Alipour,IRN,FW,17,10,7,0,13,4,0,5,7,21
770,Ala Alhajji,KSA,MF,17,3,12,2,11,6,0,7,13,37
770,Saleh Hardani,IRN,DF,17,3,4,10,1,16,0,3,12,70
770,Awer Mabil,AUS,FW,17,7,9,1,10,7,0,3,4,20
786,Abdukodir Khusanov,UZB,DF,16,2,1,13,7,9,0,1,31,214
786,Khojiakbar Alijonov,UZB,DF,16,6,9,1,1,15,5,19,41,103
786,Patrick Beach,AUS,GK,16,0,0,16,8,8,0,0,1,208
786,Ozan Kabak,TUR,DF,16,0,4,12,9,7,0,2,11,73
786,Aymen Dahmen,TUN,GK,16,0,0,16,9,7,0,0,1,86
786,Jerome Opoku,GHA,DF,16,0,2,14,9,7,0,0,14,246
786,Nkosinathi Sibisi,RSA,DF,16,0,2,14,4,12,0,0,12,108
786,Yaimar Medina,ECU,DF,16,5,7,4,5,11,1,10,5,51
786,Luis Chavez,MEX,MF,16,0,6,10,2,14,0,4,4,61
786,Tomas Rodriguez,PAN,FW,16,12,4,0,13,3,1,8,10,21
786,Jorge Gutierrez,PAN,DF,16,10,2,4,4,12,0,6,15,50
786,Orlando Gill,PAR,GK,16,0,0,16,12,4,0,0,7,238
786,Igor Thiago,BRA,FW,16,15,1,0,12,4,0,9,7,21
786,Armando Obispo,CUW,DF,16,0,4,12,8,8,0,1,21,214
786,Cho Guesung,KOR,FW,16,11,5,0,10,6,2,8,7,19
786,Mohamed Manai,QAT,FW,16,2,8,6,9,7,0,5,8,34
802,Eom Jisung,KOR,MF,15,7,6,2,4,11,2,5,3,23
802,Ehsan Hajisafi,IRN,DF,15,1,8,6,3,12,1,2,7,47
802,Joris Kayembe,COD,DF,15,4,7,4,2,13,1,7,7,55
802,Mehdi Torabi,IRN,MF,15,5,6,4,6,9,1,6,11,45
802,Amirhossein Hosseinzadeh,IRN,FW,15,4,9,2,8,7,0,3,8,33
802,Zaid Tahseen,IRQ,DF,15,0,1,14,4,11,0,2,18,134
802,Almoez Ali,QAT,FW,15,3,10,2,10,5,0,2,5,9
802,Keisuke Goto,JPN,FW,15,9,6,0,14,1,0,1,1,2
802,Miles Robinson,USA,DF,15,0,0,15,10,5,0,1,18,129
802,Matt Freese,USA,GK,15,0,0,15,10,5,0,0,3,172
802,Oguz Aydin,TUR,FW,15,10,4,1,6,9,2,15,27,94
802,Zeki Amdouni,SUI,FW,15,10,5,0,13,2,2,16,16,46
802,Hazem Mastouri,TUN,FW,15,14,1,0,11,4,1,14,17,37
802,Christopher Operi,CIV,DF,15,10,2,3,10,5,0,10,29,157
802,Waldemar Anton,GER,DF,15,4,3,8,2,13,0,2,7,70
802,Warren Zaire Emery,FRA,MF,15,2,6,7,10,5,0,2,5,32
818,Deniz Gul,TUR,FW,14,13,1,0,14,0,1,3,3,7
818,Kim Jingyu,KOR,MF,14,1,6,7,11,3,0,5,19,122
818,Meschack Elia,COD,FW,14,6,8,0,3,11,3,12,9,41
818,Ederson Silva,BRA,MF,14,7,2,5,7,7,0,5,3,23
818,Cucho Hernandez,COL,FW,14,12,2,0,11,3,2,14,16,29
818,Jose Canale,PAR,DF,14,2,2,10,4,10,0,1,12,62
818,Tshepang Moremi,RSA,FW,14,8,4,2,4,10,2,4,5,20
818,Yannick Semedo,CPV,MF,14,0,8,6,10,4,0,2,13,79
818,Derek Cornelius,CAN,DF,14,2,2,10,6,8,1,8,35,379
818,Maxime Crepeau,CAN,GK,14,0,0,14,9,5,0,0,6,237
828,Alphonso Davies,CAN,DF,13,6,7,0,3,10,0,14,8,41
828,Redouane Halhal,MAR,DF,13,0,0,13,1,12,0,0,37,260
828,Ricardo Ade,HAI,DF,13,1,0,12,10,3,0,2,22,293
828,Samir Chergui,ALG,DF,13,1,2,10,2,11,0,3,2,47
828,Tsuyoshi Watanabe,JPN,DF,13,6,0,7,5,8,2,3,4,74
828,Abdulla Abdullaev,UZB,DF,13,1,1,11,6,7,0,0,7,143
828,Francis De Vries,NZL,DF,13,4,4,5,4,9,0,3,4,33
828,Tomas Chory,CZE,FW,13,7,6,0,8,5,0,6,4,18
828,Igor Sergeev,UZB,FW,13,9,4,0,10,3,0,3,2,9
828,Matej Kovar,CZE,GK,13,0,0,13,7,6,0,0,10,181
828,Gustavo Caballero,PAR,MF,13,9,3,1,8,5,1,11,11,27
840,Alexis Vega,MEX,FW,12,5,4,3,7,5,2,3,6,25
840,Jose Manuel Lopez,ARG,FW,12,12,0,0,9,3,0,5,5,8
840,Marcos Senesi,ARG,DF,12,0,1,11,2,10,1,1,7,155
840,Nadhir Benbouali,ALG,FW,12,7,3,2,11,1,2,8,13,28
840,Ahmed Basil,IRQ,GK,12,0,0,12,8,4,0,0,2,124
840,Yuito Suzuki,JPN,MF,12,5,5,2,7,5,0,3,6,11
840,Maxence Lacroix,FRA,DF,12,1,2,9,7,5,0,0,5,194
840,Goncalo Ramos,POR,FW,12,8,4,0,11,1,1,10,11,31
840,Maximilian Beier,GER,FW,12,4,8,0,1,11,0,7,7,26
840,Nick Woltemade,GER,FW,12,5,7,0,11,1,0,3,3,7
840,Telmo Arcanjo,CPV,MF,12,3,4,5,7,5,0,5,12,31
840,Ayoube Amaimouni,MAR,FW,12,8,3,1,6,6,1,11,12,30
840,Johny Placide,HAI,GK,12,0,0,12,9,3,0,0,2,187
840,Nishan Velupillay,AUS,FW,12,5,6,1,8,4,0,6,10,35
840,Tomas Holes,CZE,DF,12,2,0,10,3,9,0,2,15,146
840,Utkir Yusupov,UZB,GK,12,0,0,12,7,5,0,0,0,50
840,Jamshid Iskanderov,UZB,MF,12,1,6,5,4,8,0,5,6,35
840,Tyrese Noslin,CUW,FW,12,4,5,3,2,10,2,4,10,25
840,Gervane Kastaneer,CUW,FW,12,11,1,0,8,4,0,7,6,19
859,Tarik Muharemovic,BIH,DF,11,0,1,10,5,6,0,2,23,324
859,Antonio Ruediger,GER,DF,11,0,1,10,5,6,0,2,19,514
859,Jamie Leweling,GER,MF,11,7,4,0,2,9,2,7,8,36
859,Maghnes Akliouche,FRA,MF,11,3,5,3,7,4,0,2,4,20
859,Tomas Araujo,POR,DF,11,1,0,10,5,6,0,0,9,215
859,Alex Arce,PAR,FW,11,6,2,3,7,4,0,8,10,22
859,Joel Ordonez,ECU,DF,11,0,1,10,6,5,0,1,19,239
859,Kevin Castano,COL,MF,11,1,2,8,7,4,0,2,3,32
859,Alex Zendejas,USA,FW,11,3,6,2,7,4,0,2,4,19
859,Kento Shiogai,JPN,FW,11,6,5,0,9,2,0,1,0,2
859,Ali Lajami,KSA,DF,11,0,1,10,6,5,0,1,16,138
859,Tete Yengi,AUS,FW,11,6,5,0,6,5,2,8,8,17
859,Robin Hranac,CZE,DF,11,2,1,8,6,5,0,1,13,249
859,Hannes Delcroix,HAI,DF,11,0,2,9,3,8,0,0,16,302
859,Jean Michael Seri,CIV,MF,11,0,6,5,8,3,0,2,8,42
874,Ibrahim Adel,EGY,FW,10,3,6,1,2,8,0,4,1,12
874,Derrick Etienne,HAI,FW,10,7,1,2,4,6,2,5,1,19
874,Benjamin Asare,GHA,GK,10,1,0,9,7,3,0,0,0,87
874,Josko Gvardiol,CRO,DF,10,2,3,5,2,8,0,8,28,187
874,Jakhongir Urozov,UZB,DF,10,0,2,8,4,6,0,2,7,87
874,Junnosuke Suzuki,JPN,DF,10,4,5,1,3,7,0,2,4,19
880,Mohammad Ghorbani,IRN,MF,9,1,2,6,7,2,0,4,14,53
880,Nawaf Bu Washl,KSA,DF,9,2,3,4,3,6,0,1,3,85
880,Yang Hyunjun,KOR,MF,9,1,6,2,2,7,1,1,10,28
880,Yazeed Abulaila,JOR,GK,9,0,0,9,7,2,0,0,0,122
880,Ousmane Diomande,CIV,DF,9,0,0,9,2,7,0,0,1,148
880,Oumar Diakite,CIV,FW,9,3,5,1,5,4,2,12,14,46
880,Eloy Room,CUW,GK,9,0,0,9,3,6,0,0,3,160
880,Jovo Lukic,BIH,FW,9,2,7,0,7,2,0,14,14,35
880,Alexandro Maidana,PAR,DF,9,4,3,2,2,7,1,4,8,38
880,Gustavo Gomez,PAR,DF,9,2,1,6,6,3,1,3,7,188
880,Jacob Widell Zetterstrom,SWE,GK,9,0,0,9,6,3,0,0,1,131
880,Cameron Burgess,AUS,DF,9,0,1,8,3,6,0,0,20,113
880,Pascal Gross,GER,MF,9,4,4,1,4,5,0,6,9,34
893,Luka Vuskovic,CRO,DF,8,0,1,7,5,3,0,0,2,94
893,Wout Weghorst,NED,FW,8,5,3,0,7,1,1,8,10,21
893,Noa Lang,NED,FW,8,1,5,2,1,7,0,5,2,26
893,Park Jinseob,KOR,DF,8,2,2,4,4,4,1,1,6,108
893,Frans Putros,IRQ,DF,8,5,2,1,1,7,0,6,9,55
893,Luca Zidane,ALG,GK,8,0,0,8,6,2,0,1,3,199
893,Theo Bongonda,COD,MF,8,5,2,1,6,2,0,6,11,40
893,Odilon Kossounou,CIV,DF,8,1,0,7,3,5,0,0,22,323
893,Zakaria El Ouahdi,MAR,DF,8,5,2,1,3,5,0,2,1,22
893,Kristoffer Nordfeldt,SWE,GK,8,0,0,8,5,3,0,0,1,115
893,Mattias Svanberg,SWE,MF,8,0,5,3,8,0,0,3,5,23
893,Findlay Curtis,SCO,FW,8,5,3,0,2,6,0,2,3,9
893,Fidel Escobar,PAN,DF,8,2,3,3,1,7,0,1,20,52
893,Kendry Paez,ECU,MF,8,1,1,6,1,7,0,1,4,22
908,Armando Gonzalez,MEX,FW,7,4,3,0,5,2,0,4,4,5
908,Ahmed Alganehi,QAT,MF,7,2,4,1,3,4,0,2,8,27
908,Zineddine Belaid,ALG,DF,7,0,0,7,5,2,0,1,2,89
908,Rebin Sulaka,IRQ,DF,7,0,0,7,2,5,0,1,4,65
908,Mahmoud Abunada,QAT,GK,7,0,0,7,4,3,0,0,3,162
908,Mohammad Aldaoud,JOR,MF,7,3,2,2,0,7,0,1,4,9
908,Ayumu Seko,JPN,DF,7,1,0,6,4,3,0,2,9,107
908,Shuto Machino,JPN,FW,7,2,5,0,2,5,0,3,2,10
908,Stjepan Radeljic,BIH,DF,7,0,0,7,3,4,0,1,21,318
908,Dzenis Burnic,BIH,MF,7,4,2,1,0,7,0,2,7,21
908,Mathew Leckie,AUS,FW,7,3,3,1,6,1,1,9,14,33
908,Irfan Can Kahveci,TUR,FW,7,4,3,0,3,4,0,1,0,4
908,Dylan Bronn,TUN,DF,7,0,0,7,2,5,0,0,1,40
908,Abdoulaye Seck,SEN,DF,7,0,0,7,3,4,0,2,7,66
922,Mohamed Abdelmoneim,EGY,DF,6,0,1,5,1,5,0,0,3,32
922,Themba Zwane,RSA,MF,6,0,5,1,5,1,0,0,5,14
922,Kevin Yakob,IRQ,MF,6,2,3,1,6,0,0,4,5,28
922,Mehdi Ghayedi,IRN,FW,6,3,3,0,4,2,5,7,11,29
922,Mohammed Alowais,KSA,GK,6,0,0,6,5,1,0,0,2,138
922,Alex Sandro,BRA,DF,6,2,2,2,1,5,0,2,2,25
922,Alejandro Romero Gamarra,PAR,FW,6,0,1,5,5,1,0,0,9,24
922,Roger Ibanez,BRA,DF,6,4,2,0,3,3,0,2,3,42
922,Egil Selvik,NOR,GK,6,0,0,6,6,0,0,0,1,49
922,Noah Okafor,SUI,FW,6,3,3,0,4,2,0,9,9,23
932,Ken Sema,SWE,MF,5,2,2,1,2,3,0,1,4,10
932,Farrukh Sayfiev,UZB,DF,5,2,2,1,1,4,3,4,13,29
932,Dennis Hadzikadunic,BIH,DF,5,0,0,5,1,4,0,2,3,23
932,Isidro Pitta,PAR,FW,5,5,0,0,3,2,0,5,8,15
932,Sergio Rochet,URU,GK,5,0,0,5,3,2,0,0,0,38
932,Alberto Quintero,PAN,MF,5,2,2,1,3,2,0,2,1,8
932,Antonio Sanabria,PAR,FW,5,3,2,0,4,1,2,12,9,26
932,Eric Davis,PAN,DF,5,1,4,0,2,3,0,2,4,18
932,Ramon Sosa,PAR,MF,5,1,3,1,4,1,0,0,0,9
932,Jordy Caicedo,ECU,FW,5,4,1,0,3,2,0,9,9,20
932,Hossam Abdelmaguid,EGY,DF,5,0,0,5,4,1,0,0,7,71
932,Bamba Dieng,SEN,FW,5,3,2,0,5,0,0,1,1,5
932,Kamogelo Sebelebele,RSA,FW,5,2,3,0,2,3,1,2,2,13
932,Ali Yousif,IRQ,FW,5,3,2,0,4,1,0,2,3,8
932,Jalal Hassan,IRQ,GK,5,0,0,5,4,1,0,0,0,79
932,Dominik Livakovic,CRO,GK,5,0,0,5,2,3,0,0,8,235
932,Luka Sucic,CRO,MF,5,3,1,1,4,1,1,1,3,10
932,Ollie Watkins,ENG,FW,5,4,1,0,4,1,1,1,2,4
932,Anthony Ralston,SCO,DF,5,1,3,1,0,5,0,3,3,16
932,Axel Witsel,BEL,MF,5,1,1,3,4,1,0,0,2,21
932,Brandley Kuwas,CUW,FW,5,3,2,0,2,3,0,6,2,11
953,Haris Tabakovic,BIH,FW,4,4,0,0,3,1,0,2,1,3
953,Alidu Seidu,GHA,DF,4,2,2,0,0,4,0,2,15,65
953,Derrick Luckassen,GHA,DF,4,0,0,4,1,3,1,1,12,256
953,Jayden Nelson,CAN,FW,4,0,2,2,1,3,0,2,7,20
953,Jonathan Osorio,CAN,MF,4,1,1,2,2,2,0,1,7,22
953,Stepan Chaloupek,CZE,DF,4,0,0,4,0,4,0,1,9,54
953,Caglar Soyuncu,TUR,DF,4,0,0,4,3,1,0,0,1,8
953,Yassin Fortune,HAI,FW,4,0,4,0,0,4,0,1,3,9
953,Anibal Godoy,PAN,MF,4,1,2,1,1,3,0,1,3,18
953,Braian Ojeda,PAR,MF,4,1,2,1,0,4,0,1,2,16
953,Sondre Langas,NOR,DF,4,0,0,4,1,3,0,0,1,20
953,Mohanad Ali,IRQ,FW,4,4,0,0,3,1,1,0,1,4
953,Lucas Mendes,QAT,DF,4,4,0,0,2,2,0,0,0,0
953,Amer Jamous,JOR,MF,4,1,3,0,4,0,0,2,2,8
953,Saed Alrosan,JOR,DF,4,0,1,3,1,3,0,0,2,28
953,Hossein Kanani,IRN,DF,4,0,0,4,1,3,0,2,8,75
969,Mustafa Saadoon,IRQ,DF,3,1,2,0,0,3,0,0,0,2
969,Gedeon Kalulu,COD,DF,3,1,2,0,1,2,0,4,0,11
969,Kaan Ayhan,TUR,MF,3,1,0,2,2,1,0,2,1,9
969,Jason Geria,AUS,DF,3,1,0,2,1,2,0,2,5,46
969,Christian Fassnacht,SUI,FW,3,0,3,0,2,1,1,5,6,12
969,Gustaf Nilsson,SWE,FW,3,1,2,0,2,1,0,2,3,6
969,Samed Bazdar,BIH,FW,3,1,2,0,2,1,0,8,8,17
969,Kojo Peprah Oppong,GHA,DF,3,0,0,3,2,1,0,0,0,44
969,Evann Guessand,CIV,FW,3,2,1,0,3,0,0,8,7,14
969,Ibrahima Konate,FRA,DF,3,0,0,3,2,1,0,0,0,24
969,Jens Petter Hauge,NOR,MF,3,0,2,1,2,1,0,0,0,7
969,Marcus Thuram,FRA,FW,3,3,0,0,3,0,0,0,0,0
969,Jorrel Hato,NED,DF,3,2,1,0,2,1,0,0,5,11
969,Samu Costa,POR,DF,3,0,2,1,3,0,0,1,1,23
969,Cesar Huerta,MEX,FW,3,3,0,0,0,3,0,1,3,5
969,Luiz Henrique,BRA,FW,3,0,3,0,0,3,0,3,6,27
985,Mark Mckenzie,USA,DF,2,0,0,2,1,1,0,0,8,104
985,Max Arfsten,USA,DF,2,1,1,0,0,2,0,0,0,0
985,Matt Turner,USA,GK,2,0,0,2,1,1,0,0,1,57
985,Guillermo Ochoa,MEX,GK,2,0,0,2,1,1,0,0,0,14
985,Rodrigo Aguirre,URU,FW,2,1,1,0,1,1,0,1,1,2
985,Haji Wright,USA,FW,2,2,0,0,1,1,0,1,0,2
985,Kenji Gorre,CUW,FW,2,0,2,0,1,1,0,3,1,5
985,Shurandy Sambo,CUW,DF,2,0,1,1,1,1,0,0,0,7
985,Saleem Obaid,JOR,DF,2,0,0,2,0,2,0,0,5,36
985,Munaf Younus,IRQ,DF,2,0,0,2,1,1,0,0,8,40
985,Mohammad Abuzraiq,JOR,FW,2,1,1,0,0,2,0,0,2,10
985,Eray Coemert,SUI,DF,2,1,0,1,1,1,0,0,2,13
985,Ross Stewart,SCO,FW,2,1,1,0,1,1,0,0,0,0
985,David Zima,CZE,DF,2,0,1,1,1,1,0,0,1,16
985,Mojmir Chytil,CZE,FW,2,2,0,0,1,1,0,2,2,4
985,Joaquin Seys,BEL,DF,2,1,1,0,1,1,0,0,0,12
985,Lawrence Ati Zigi,GHA,GK,2,0,0,2,1,1,0,0,0,87
1002,Mouhib Chamakh,TUN,GK,1,0,0,1,1,0,0,0,0,34
1002,Alhashmi Alhussein,QAT,DF,1,0,1,0,0,1,0,1,1,1
1002,Oussama Benbot,ALG,GK,1,0,0,1,1,0,0,0,0,40
1002,Ahmed Maknazi,IRQ,DF,1,0,1,0,1,0,0,1,9,16
1002,Yerry Mina,COL,DF,1,0,0,1,1,0,0,0,1,7
1002,Andres Gomez,COL,FW,1,1,0,0,0,1,0,0,0,0
1002,Dan Burn,ENG,DF,1,0,0,1,1,0,0,0,2,8
1002,Senne Lammens,BEL,GK,1,0,0,1,1,0,0,0,0,23
1002,Matheus Nunes,POR,MF,1,0,1,0,1,0,0,0,0,2
1002,Marco Friedl,AUT,DF,1,0,0,1,0,1,0,1,0,64
1002,Malick Thiaw,GER,DF,1,0,0,1,0,1,0,2,12,80
1002,Marten De Roon,NED,MF,1,0,0,1,1,0,0,0,0,2
1002,Callan Elliot,NZL,DF,1,0,1,0,0,1,0,0,3,11
1002,Amir Hadziahmetovic,BIH,MF,1,0,1,0,1,0,0,0,0,9
1016,Cameron Devlin,AUS,MF,0,0,0,0,0,0,0,0,0,0
1016,Scott Mckenna,SCO,DF,0,0,0,0,0,0,0,1,4,105
1016,Alex Paulsen,NZL,GK,0,0,0,0,0,0,0,0,0,0
1016,Aurele Amenda,SUI,DF,0,0,0,0,0,0,0,0,0,0
1016,Botirali Ergashev,UZB,GK,0,0,0,0,0,0,0,0,0,0
1016,Tyler Fletcher,SCO,MF,0,0,0,0,0,0,0,0,0,0
1016,Sherzod Esanov,UZB,MF,0,0,0,0,0,0,0,0,0,2
1016,Viktor Johansson,SWE,GK,0,0,0,0,0,0,0,0,0,0
1016,Logan Rogerson,NZL,FW,0,0,0,0,0,0,0,0,0,0
1016,Joan Garcia,ESP,GK,0,0,0,0,0,0,0,0,0,0
1016,Mert Gunok,TUR,GK,0,0,0,0,0,0,0,0,0,0
1016,Paul Izzo,AUS,GK,0,0,0,0,0,0,0,0,0,0
1016,Lukas Hornicek,CZE,GK,0,0,0,0,0,0,0,0,0,0
1016,Alex Grimaldo,ESP,DF,0,0,0,0,0,0,0,0,0,0
1016,Michael Woud,NZL,GK,0,0,0,0,0,0,0,0,0,0
1016,Victor Munoz,ESP,FW,0,0,0,0,0,0,0,0,0,0
1016,Martin Zubimendi,ESP,MF,0,0,0,0,0,0,0,0,0,0
1016,Jan Kuchta,CZE,FW,0,0,0,0,0,0,0,0,0,0
1016,Dominic Hyam,SCO,DF,0,0,0,0,0,0,0,0,0,0
1016,Ben Waine,NZL,FW,0,0,0,0,0,0,0,0,0,0
1016,Lachlan Bayliss,NZL,MF,0,0,0,0,0,0,0,0,0,0
1016,Hugo Sochurek,CZE,MF,0,0,0,0,0,0,0,0,0,0
1016,Jindrich Stanek,CZE,GK,0,0,0,0,0,0,0,0,0,0
1016,Carl Starfelt,SWE,DF,0,0,0,0,0,0,0,0,1,27
1016,Herman Johansson,SWE,DF,0,0,0,0,0,0,0,0,0,0
1016,Mathew Ryan,AUS,GK,0,0,0,0,0,0,0,0,0,0
1016,Alex Rufer,NZL,MF,0,0,0,0,0,0,0,0,0,0
1016,Kosta Barbarouses,NZL,FW,0,0,0,0,0,0,0,0,0,0
1016,Milos Degenek,AUS,DF,0,0,0,0,0,0,0,0,0,0
1016,Altay Bayindir,TUR,GK,0,0,0,0,0,0,0,0,0,0
1016,Yvon Mvogo,SUI,GK,0,0,0,0,0,0,0,0,0,0
1016,Eric Smith,SWE,DF,0,0,0,0,0,0,0,0,0,0
1016,Marc Pubill,ESP,DF,0,0,0,0,0,0,0,0,0,4
1016,George Hirst,SCO,FW,0,0,0,0,0,0,0,0,0,0
1016,Samet Akaydin,TUR,DF,0,0,0,0,0,0,0,0,0,0
1016,John Souttar,SCO,DF,0,0,0,0,0,0,0,0,0,0
1016,Hjalmar Ekdal,SWE,DF,0,0,0,0,0,0,0,0,0,0
1016,Liam Kelly,SCO,GK,0,0,0,0,0,0,0,0,0,0
1016,Nihad Mujakic,BIH,DF,0,0,0,0,0,0,0,0,0,0
1016,Marvin Keller,SUI,GK,0,0,0,0,0,0,0,0,0,0
1016,David Raya,ESP,GK,0,0,0,0,0,0,0,0,0,0
1016,David Jurasek,CZE,DF,0,0,0,0,0,0,0,0,0,0
1016,Nando Pijnaker,NZL,DF,0,0,0,0,0,0,0,0,0,0
1016,Borja Iglesias,ESP,FW,0,0,0,0,0,0,0,1,0,1
1016,Eric Garcia,ESP,DF,0,0,0,0,0,0,0,0,0,0
1016,Avazbek Ulmasaliyev,UZB,DF,0,0,0,0,0,0,0,0,0,0
1016,Umar Eshmurodov,UZB,DF,0,0,0,0,0,0,0,0,0,0
1016,Logan Costa,CPV,DF,0,0,0,0,0,0,0,0,0,0
1016,Payam Niazmand,IRN,GK,0,0,0,0,0,0,0,0,0,0
1016,Rajaei Ayed,JOR,MF,0,0,0,0,0,0,0,0,0,0
1016,Bae Junho,KOR,MF,0,0,0,0,0,0,0,0,0,0
1016,Hossein Hosseini,IRN,GK,0,0,0,0,0,0,0,0,0,0
1016,Fahad Talib,IRQ,GK,0,0,0,0,0,0,0,0,0,0
1016,Roozbeh Cheshmi,IRN,MF,0,0,0,0,0,0,0,0,0,0
1016,Dennis Dargahi,IRN,FW,0,0,0,0,0,0,0,0,0,0
1016,Mohammad Abuhasheesh,JOR,DF,0,0,0,0,0,0,0,0,1,6
1016,Marcio Rosa,CPV,GK,0,0,0,0,0,0,0,0,0,0
1016,Kim Taehyeon,KOR,DF,0,0,0,0,0,0,0,0,0,0
1016,Anas Badawi,JOR,DF,0,0,0,0,0,0,0,0,0,0
1016,Nour Baniateyah,JOR,GK,0,0,0,0,0,0,0,0,0,0
1016,Tahsin Mohammed,QAT,FW,0,0,0,0,0,0,0,0,0,0
1016,Stopira,CPV,DF,0,0,0,0,0,0,0,0,0,0
1016,Amirmohammad Razaghinia,IRN,MF,0,0,0,0,0,0,0,0,0,0
1016,Ali Majrashi,KSA,DF,0,0,0,0,0,0,0,0,0,0
1016,Meshaal Barsham,QAT,GK,0,0,0,0,0,0,0,0,0,0
1016,Jo Hyeonwoo,KOR,GK,0,0,0,0,0,0,0,0,0,0
1016,Matthieu Epolo,COD,GK,0,0,0,0,0,0,0,0,0,0
1016,Cho Wije,KOR,DF,0,0,0,0,0,0,0,0,0,0
1016,Mohammad Abughoush,JOR,MF,0,0,0,0,0,0,0,0,0,0
1016,Salah Zakaria,QAT,GK,0,0,0,0,0,0,0,0,0,0
1016,Song Bumkeun,KOR,GK,0,0,0,0,0,0,0,0,0,0
1016,Melvin Mastil,ALG,GK,0,0,0,0,0,0,0,0,0,0
1016,Hassan Kadish,KSA,DF,0,0,0,0,0,0,0,0,0,0
1016,Cj Dos Santos,CPV,GK,0,0,0,0,0,0,0,0,0,0
1016,Saleh Alshehri,KSA,FW,0,0,0,0,0,0,0,0,0,0
1016,Achref Abada,ALG,DF,0,0,0,0,0,0,0,0,0,0
1016,Ahmed Alkassar,KSA,GK,0,0,0,0,0,0,0,0,0,0
1016,Yassine Titraoui,ALG,MF,0,0,0,0,0,0,0,0,0,0
1016,Ibrahim Sadeh,JOR,MF,0,0,0,0,0,0,0,0,0,0
1016,Jehad Thikri,KSA,DF,0,0,0,0,0,0,0,0,0,0
1016,Ziyad Aljohani,KSA,MF,0,0,0,0,0,0,0,0,0,0
1016,Mohammed Muntari,QAT,FW,0,0,0,0,0,0,0,0,0,0
1016,Keisuke Osako,JPN,GK,0,0,0,0,0,0,0,0,0,0
1016,Lee Donggyeong,KOR,MF,0,0,0,0,0,0,0,0,0,0
1016,Khalid Alghannam,KSA,FW,0,0,0,0,0,0,0,0,0,0
1016,Danial Iri,IRN,DF,0,0,0,0,0,0,0,0,0,0
1016,Gael Kakuta,COD,FW,0,0,0,0,0,0,0,0,0,0
1016,Dylan Batubinsika,COD,DF,0,0,0,0,0,0,0,0,0,0
1016,Aaron Tshibola,COD,MF,0,0,0,0,0,0,0,0,0,0
1016,Mohamed Amine Tougai,ALG,DF,0,0,0,0,0,0,0,0,0,0
1016,Tomoki Hayakawa,JPN,GK,0,0,0,0,0,0,0,0,0,0
1016,Fares Ghedjemis,ALG,FW,0,0,0,0,0,0,0,0,0,0
1016,Nawaf Alaqidi,KSA,GK,0,0,0,0,0,0,0,0,0,0
1016,Abdallah Alfakhori,JOR,GK,0,0,0,0,0,0,0,0,0,0
1016,Timothy Fayulu,COD,GK,0,0,0,0,0,0,0,0,0,0
1016,Aiman Yahya,KSA,FW,0,0,0,0,0,0,0,0,0,0
1016,Olwethu Makhanya,RSA,DF,0,0,0,0,0,0,0,0,0,0
1016,Kelvin Pires,CPV,DF,0,0,0,0,0,0,0,0,0,0
1016,Baba Rahman,GHA,DF,0,0,0,0,0,0,0,0,0,0
1016,Tarek Alaa,EGY,DF,0,0,0,0,0,0,0,0,0,0
1016,Garven Metusala,HAI,DF,0,0,0,0,0,0,0,0,0,0
1016,Bradley Cross,RSA,DF,0,0,0,0,0,0,0,0,0,0
1016,Mahdy Soliman,EGY,GK,0,0,0,0,0,0,0,0,0,0
1016,Samukele Kabini,RSA,DF,0,0,0,0,0,0,0,0,0,0
1016,Duckens Nazon,HAI,FW,0,0,0,0,0,0,0,2,4,8
1016,Raed Chikhaoui,TUN,DF,0,0,0,0,0,0,0,0,0,0
1016,Dayne St Clair,CAN,GK,0,0,0,0,0,0,0,0,0,0
1016,Sabri Ben Hessen,TUN,GK,0,0,0,0,0,0,0,0,0,0
1016,Owen Goodman,CAN,GK,0,0,0,0,0,0,0,0,0,0
1016,Youssef Belammari,MAR,DF,0,0,0,0,0,0,0,0,0,0
1016,Khulumani Ndamane,RSA,DF,0,0,0,0,0,0,0,0,0,0
1016,Wilguens Paugain,HAI,DF,0,0,0,0,0,0,0,0,0,0
1016,Augustine Boakye,GHA,MF,0,0,0,0,0,0,0,0,0,0
1016,Rayan Elloumi,TUN,FW,0,0,0,0,0,0,0,0,0,0
1016,Alban Lafont,CIV,GK,0,0,0,0,0,0,0,0,0,0
1016,Mohamed Elshenawy,EGY,GK,0,0,0,0,0,0,0,0,0,0
1016,Alfie Jones,CAN,DF,0,0,0,0,0,0,0,0,0,0
1016,Mohamed Kone,CIV,GK,0,0,0,0,0,0,0,0,0,0
1016,Woodensky Pierre,HAI,MF,0,0,0,0,0,0,0,0,0,0
1016,Moutaz Neffati,TUN,DF,0,0,0,0,0,0,0,0,0,0
1016,Abdul Mumin,GHA,DF,0,0,0,0,0,0,0,0,0,0
1016,Mamadou Sarr,SEN,DF,0,0,0,0,0,0,0,0,0,0
1016,Sipho Chaine,RSA,GK,0,0,0,0,0,0,0,0,0,0
1016,Alexandre Pierre,HAI,GK,0,0,0,0,0,0,0,0,0,0
1016,Christopher Bonsu Baah,GHA,FW,0,0,0,0,0,0,0,0,0,0
1016,Yehvann Diouf,SEN,GK,0,0,0,0,0,0,0,0,0,0
1016,Evan Ndicka,CIV,DF,0,0,0,0,0,0,0,0,0,0
1016,Thabang Matuludi,RSA,DF,0,0,0,0,0,0,0,0,0,0
1016,Joseph Anang,GHA,GK,0,0,0,0,0,0,0,0,0,0
1016,Ricardo Goss,RSA,GK,0,0,0,0,0,0,0,0,0,0
1016,Ahmed Reda Tagnaouti,MAR,GK,0,0,0,0,0,0,0,0,0,0
1016,Markhus Lacroix,HAI,DF,0,0,0,0,0,0,0,0,0,0
1016,Parfait Guiagon,CIV,MF,0,0,0,0,0,0,0,0,0,0
1016,Antoine Mendy,SEN,DF,0,0,0,0,0,0,0,0,0,0
1016,Munir El Kajoui,MAR,GK,0,0,0,0,0,0,0,0,0,0
1016,Joel Waterman,CAN,DF,0,0,0,0,0,0,0,0,0,0
1016,Nabil Donga,EGY,MF,0,0,0,0,0,0,0,0,0,0
1016,Cherif Ndiaye,SEN,FW,0,0,0,0,0,0,0,0,0,0
1016,Khalil Ayari,TUN,MF,0,0,0,0,0,0,0,0,0,0
1016,Josue Duverger,HAI,GK,0,0,0,0,0,0,0,0,0,0
1016,Mohamed Alaa,EGY,GK,0,0,0,0,0,0,0,0,0,0
1016,Adam Arous,TUN,DF,0,0,0,0,0,0,0,0,0,0
1016,Carl Sainte,HAI,MF,0,0,0,0,0,0,0,0,0,0
1016,Roshon Van Eijma,CUW,DF,0,0,0,0,0,0,0,0,0,2
1016,Arjany Martha,CUW,MF,0,0,0,0,0,0,0,0,0,0
1016,Godfried Roemeratoe,CUW,MF,0,0,0,0,0,0,0,0,1,7
1016,Kevin Felida,CUW,MF,0,0,0,0,0,0,0,0,0,0
1016,Mladen Jurkas,BIH,GK,0,0,0,0,0,0,0,0,0,0
1016,Martin Zlomislic,BIH,GK,0,0,0,0,0,0,0,0,0,0
1016,Trevor Doornbusch,CUW,GK,0,0,0,0,0,0,0,0,0,0
1016,Tyrick Bodak,CUW,GK,0,0,0,0,0,0,0,0,0,0
1016,Alessandro Schoepf,AUT,MF,0,0,0,0,0,0,0,0,0,0
1016,Jose Sa,POR,GK,0,0,0,0,0,0,0,0,0,0
1016,Henrik Falchener,NOR,DF,0,0,0,0,0,0,0,0,8,52
1016,Trevoh Chalobah,ENG,DF,0,0,0,0,0,0,0,0,0,0
1016,Sander Tangvik,NOR,GK,0,0,0,0,0,0,0,0,0,0
1016,Alexander Nuebel,GER,GK,0,0,0,0,0,0,0,0,0,0
1016,Robin Risser,FRA,GK,0,0,0,0,0,0,0,0,0,0
1016,Mark Flekken,NED,GK,0,0,0,0,0,0,0,0,0,0
1016,Duje Caleta Car,CRO,DF,0,0,0,0,0,0,0,0,0,0
1016,Ivan Toney,ENG,FW,0,0,0,0,0,0,0,0,0,0
1016,Toni Fruk,CRO,MF,0,0,0,0,0,0,0,0,0,0
1016,Kobbie Mainoo,ENG,MF,0,0,0,0,0,0,0,0,0,0
1016,Ivor Pandur,CRO,GK,0,0,0,0,0,0,0,0,0,0
1016,Martin Erlic,CRO,DF,0,0,0,0,0,0,0,0,0,0
1016,Zeno Debast,BEL,DF,0,0,0,0,0,0,0,0,0,0
1016,Lutsharel Geertruida,NED,DF,0,0,0,0,0,0,0,0,0,0
1016,Oliver Baumann,GER,GK,0,0,0,0,0,0,0,0,0,0
1016,Ngolo Kante,FRA,MF,0,0,0,0,0,0,0,0,0,0
1016,Dean Henderson,ENG,GK,0,0,0,0,0,0,0,0,0,0
1016,Dominik Kotarski,CRO,GK,0,0,0,0,0,0,0,0,0,0
1016,Craig Gordon,SCO,GK,0,0,0,0,0,0,0,0,0,0
1016,David Affengruber,AUT,DF,0,0,0,0,0,0,0,0,0,0
1016,Koni De Winter,BEL,DF,0,0,0,0,0,0,0,0,0,0
1016,Florian Wiegele,AUT,GK,0,0,0,0,0,0,0,0,0,0
1016,Nikola Moro,CRO,MF,0,0,0,0,0,0,0,0,0,0
1016,James Trafford,ENG,GK,0,0,0,0,0,0,0,0,0,0
1016,Patrick Pentz,AUT,GK,0,0,0,0,0,0,0,0,0,0
1016,Goncalo Guedes,POR,FW,0,0,0,0,0,0,0,0,0,0
1016,Robin Roefs,NED,GK,0,0,0,0,0,0,0,0,0,0
1016,Dejan Ljubicic,AUT,MF,0,0,0,0,0,0,0,0,0,0
1016,Mike Penders,BEL,GK,0,0,0,0,0,0,0,0,0,0
1016,Kristijan Jakic,CRO,DF,0,0,0,0,0,0,0,0,0,0
1016,Lucas Hernandez,FRA,DF,0,0,0,0,0,0,0,0,0,0
1016,Goncalo Inacio,POR,DF,0,0,0,0,0,0,0,0,0,0
1016,Michael Svoboda,AUT,DF,0,0,0,0,0,0,0,0,0,0
1016,Mats Wieffer,NED,DF,0,0,0,0,0,0,0,0,0,0
1016,Brice Samba,FRA,GK,0,0,0,0,0,0,0,0,0,0
1016,Rui Silva,POR,GK,0,0,0,0,0,0,0,0,0,0
1016,Assan Ouedraogo,GER,MF,0,0,0,0,0,0,0,0,0,0
1016,Facundo Pellistri,URU,FW,0,0,0,0,0,0,0,0,0,0
1016,Ederson,BRA,GK,0,0,0,0,0,0,0,0,0,0
1016,Keeto Thermoncy,HAI,DF,0,0,0,0,0,0,0,0,0,0
1016,Adalberto Carrasquilla,PAN,MF,0,0,0,0,0,0,0,0,0,0
1016,Edgardo Farina,PAN,DF,0,0,0,0,0,0,0,0,0,0
1016,Carlos Acevedo,MEX,GK,0,0,0,0,0,0,0,0,0,0
1016,Jose Maria Gimenez,URU,DF,0,0,0,0,0,0,0,0,0,0
1016,Gonzalo Valle,ECU,GK,0,0,0,0,0,0,0,0,0,0
1016,Joaquin Piquerez,URU,MF,0,0,0,0,0,0,0,0,0,0
1016,Roderick Miller,PAN,DF,0,0,0,0,0,0,0,0,0,0
1016,Jorge Carrascal,COL,MF,0,0,0,0,0,0,0,0,0,0
1016,Emiliano Martinez,URU,MF,0,0,0,0,0,0,0,0,0,0
1016,Gatito Fernandez,PAR,GK,0,0,0,0,0,0,0,0,0,0
1016,Weverton,BRA,GK,0,0,0,0,0,0,0,0,0,0
1016,Santiago Mele,URU,GK,0,0,0,0,0,0,0,0,0,0
1016,Denil Castillo,ECU,MF,0,0,0,0,0,0,0,0,0,0
1016,Leo Pereira,BRA,DF,0,0,0,0,0,0,0,0,0,0
1016,Willer Ditta,COL,DF,0,0,0,0,0,0,0,0,0,0
1016,Ronald Araujo,URU,DF,0,0,0,0,0,0,0,0,0,0
1016,Fabian Balbuena,PAR,DF,0,0,0,0,0,0,0,0,0,0
1016,Moises Ramirez,ECU,GK,0,0,0,0,0,0,0,0,0,0
1016,Juan Musso,ARG,GK,0,0,0,0,0,0,0,0,0,0
1016,Cesar Samudio,PAN,GK,0,0,0,0,0,0,0,0,0,0
1016,Anthony Valencia,ECU,MF,0,0,0,0,0,0,0,0,0,0
1016,Giorgian De Arrascaeta,URU,MF,0,0,0,0,0,0,0,0,0,0
1016,Santiago Bueno,URU,DF,0,0,0,0,0,0,0,0,0,0
1016,Bremer,BRA,DF,0,0,0,0,0,0,0,0,0,0
1016,Geronimo Rulli,ARG,GK,0,0,0,0,0,0,0,0,0,0
1016,David Ospina,COL,GK,0,0,0,0,0,0,0,0,0,0
1016,Felix Torres,ECU,DF,0,0,0,0,0,0,0,0,0,0
1016,Jeremy Arevalo,ECU,FW,0,0,0,0,0,0,0,0,0,0
1016,Rodrigo Zalazar,URU,MF,0,0,0,0,0,0,0,0,0,0
1016,Alvaro Montero,COL,GK,0,0,0,0,0,0,0,0,0,0
1016,Gaston Olveira,PAR,GK,0,0,0,0,0,0,0,0,0,0
1016,Cristian Roldan,USA,MF,0,0,0,0,0,0,0,0,0,0
1016,Juan Portilla,COL,MF,0,0,0,0,0,0,0,0,0,0
1016,Cesar Yanis,PAN,MF,0,0,0,0,0,0,0,0,0,0
1016,Jackson Porozo,ECU,DF,0,0,0,0,0,0,0,1,1,24
1016,Luis Mejia,PAN,GK,0,0,0,0,0,0,0,0,0,0
1016,Chris Brady,USA,GK,0,0,0,0,0,0,0,0,0,0
