Rank,Player,Country,Position,Fouls Against,Fouls For,Yellow Cards,Red Cards,Indirect Red Cards,Offsides
1,Neil El Aynaoui,MAR,MF,15,7,0,0,0,0
2,Andres Cubas,PAR,MF,14,3,1,0,0,0
3,Aleksandar Pavlovic,GER,MF,13,4,1,0,0,0
4,Nicolas Raskin,BEL,MF,12,3,0,0,0,0
4,Lamine Yamal,ESP,FW,12,8,0,0,0,7
6,Ricardo Rodriguez,SUI,DF,11,2,0,0,0,0
6,Ermedin Demirovic,BIH,FW,11,3,1,0,0,1
6,Adrien Rabiot,FRA,MF,11,3,1,0,0,1
9,Matias Galarza,PAR,MF,10,9,2,0,0,0
9,Richard Rios,COL,MF,10,4,1,0,0,0
11,Juan Jose Caceres,PAR,DF,9,6,1,0,0,0
11,Gustavo Puerta,COL,DF,9,8,1,0,0,0
11,Daniel Munoz,COL,DF,9,1,0,0,0,3
11,Rodri,ESP,MF,9,6,0,0,0,1
11,Alex Baena,ESP,MF,9,7,1,0,0,2
11,Breel Embolo,SUI,FW,9,11,2,1,1,4
11,Brandon Mechele,BEL,DF,9,2,1,0,0,0
11,Thomas Meunier,BEL,DF,9,0,0,0,0,0
19,Harry Kane,ENG,FW,8,8,0,0,0,2
19,Lautaro Martinez,ARG,FW,8,5,1,0,0,2
19,Carlos Harvey,PAN,DF,8,3,1,0,0,0
19,Chris Richards,USA,DF,8,3,1,0,0,0
19,Julian Alvarez,ARG,FW,8,2,0,0,0,2
19,Weston Mckennie,USA,MF,8,2,1,0,0,0
19,Samuel Moutoussamy,COD,MF,8,1,1,0,0,0
19,Behruzjon Karimov,UZB,DF,8,4,0,0,0,0
19,Harry Souttar,AUS,DF,8,1,1,0,0,0
19,Eldor Shomurodov,UZB,FW,8,4,0,0,0,1
19,Remo Freuler,SUI,MF,8,3,0,0,0,1
19,Ismael Saibari,MAR,MF,8,3,0,0,0,3
19,Luc De Fougerolles,CAN,DF,8,8,2,0,0,0
19,Richie Laryea,CAN,DF,8,13,1,0,0,1
19,Marawan Attia,EGY,MF,8,1,2,0,0,0
34,Franck Kessie,CIV,MF,7,2,1,0,0,1
34,Achraf Hakimi,MAR,DF,7,16,1,0,0,0
34,Jordan Ayew,GHA,FW,7,7,0,0,0,1
34,Martin Experience,HAI,DF,7,6,0,0,0,0
34,Caleb Yirenkyi,GHA,MF,7,3,2,0,0,0
34,Kwasi Sibo,GHA,MF,7,1,0,0,0,0
34,Rodrigo Bentancur,URU,MF,7,5,1,0,0,0
34,Cristian Romero,ARG,DF,7,2,0,0,0,0
34,Alan Franco,ECU,MF,7,0,2,0,0,0
34,Luis Suarez,COL,FW,7,8,1,0,0,1
34,Agustin Canobbio,URU,MF,7,5,0,1,0,1
34,Danilo,BRA,DF,7,1,2,0,0,1
34,Raul Jimenez,MEX,FW,7,2,0,0,0,2
34,Luis Diaz,COL,FW,7,9,0,0,0,9
34,Jesus Gallardo,MEX,DF,7,3,0,0,0,0
34,Petar Sucic,CRO,MF,7,6,1,0,0,1
34,David Moller Wolfe,NOR,DF,7,2,0,0,0,0
34,Timothy Castagne,BEL,DF,7,2,1,0,0,0
34,Stefan Posch,AUT,DF,7,3,2,0,0,0
34,Youri Tielemans,BEL,MF,7,10,0,0,0,1
34,Maxim De Cuyper,BEL,DF,7,2,1,0,0,0
34,Ezri Konsa,ENG,DF,7,11,0,0,0,0
34,Elliot Anderson,ENG,MF,7,9,0,0,0,0
34,Marc Cucurella,ESP,DF,7,2,1,0,0,3
34,Lucas Bergvall,SWE,MF,7,4,1,0,0,0
34,Pedro Porro,ESP,DF,7,6,0,0,0,0
34,Ivan Sunjic,BIH,MF,7,0,0,0,0,0
34,Lee Hanbeom,KOR,DF,7,3,0,0,0,0
34,Saeid Ezatolahi,IRN,MF,7,4,2,0,0,0
34,Jassem Gaber,QAT,DF,7,0,1,0,0,0
34,Hiroki Ito,JPN,DF,7,0,0,0,0,0
34,Nasser Aldawsari,KSA,MF,7,2,1,0,0,0
66,Ayase Ueda,JPN,FW,6,4,0,0,0,1
66,Ao Tanaka,JPN,MF,6,2,0,0,0,0
66,Ritsu Doan,JPN,MF,6,5,0,0,0,0
66,Rayan Ait Nouri,ALG,DF,6,4,0,0,0,0
66,Alexis Mac Allister,ARG,MF,6,9,0,0,0,0
66,Jefferson Lerma,COL,MF,6,5,1,0,0,0
66,Casemiro,BRA,MF,6,6,2,0,0,0
66,Enzo Fernandez,ARG,MF,6,4,0,0,0,1
66,Davinson Sanchez,COL,DF,6,5,1,0,0,1
66,Juninho Bacuna,CUW,MF,6,3,2,0,0,0
66,Guela Doue,CIV,DF,6,5,1,0,0,0
66,Antoine Semenyo,GHA,MF,6,4,0,0,0,4
66,Yasser Ibrahim,EGY,DF,6,3,2,0,0,0
66,Ricardo Ade,HAI,DF,6,4,0,0,0,0
66,Marvin Senaya,GHA,DF,6,4,0,0,0,0
66,Lenny Joseph,HAI,FW,6,1,0,0,0,0
66,Mostafa Zico,EGY,MF,6,5,0,0,0,2
66,Ruben Vargas,SUI,FW,6,6,0,0,0,2
66,Amar Dedic,BIH,DF,6,3,1,0,0,0
66,Robin Hranac,CZE,DF,6,0,0,0,0,0
66,Abbosbek Fayzullaev,UZB,MF,6,4,0,0,0,0
66,Ladislav Krejci,CZE,DF,6,2,1,0,0,0
66,Sead Kolasinac,BIH,DF,6,4,0,0,0,0
66,Abdukodir Khusanov,UZB,DF,6,0,2,0,0,0
66,Xaver Schlager,AUT,MF,6,0,0,0,0,0
66,Jude Bellingham,ENG,MF,6,12,1,0,0,1
66,Frenkie De Jong,NED,MF,6,6,0,0,0,0
66,Nico Oreilly,ENG,DF,6,4,1,0,0,0
66,Alexander Sorloth,NOR,FW,6,2,0,0,0,2
66,Julian Ryerson,NOR,FW,6,1,0,0,0,0
66,Manu Kone,FRA,MF,6,7,1,0,0,0
66,Nathan Ngoy,BEL,DF,6,1,0,1,0,0
66,Ruben Dias,POR,DF,6,3,1,0,0,0
66,Kylian Mbappe,FRA,FW,6,9,1,0,0,5
66,Joao Cancelo,POR,DF,6,2,0,0,0,1
66,Konrad Laimer,AUT,MF,6,3,1,0,0,3
66,Denzel Dumfries,NED,DF,6,3,0,0,0,1
66,Jules Kounde,FRA,DF,6,5,0,0,0,1
66,Sander Berge,NOR,MF,6,2,0,0,0,0
66,Dayot Upamecano,FRA,DF,6,4,0,0,0,0
66,Ante Budimir,CRO,FW,6,4,0,0,0,0
107,Renato Veiga,POR,DF,5,3,2,0,0,0
107,Lucas Digne,FRA,DF,5,2,0,0,0,0
107,Marcus Rashford,ENG,FW,5,1,0,0,0,1
107,Jonathan Tah,GER,DF,5,1,0,0,0,0
107,Jamal Musiala,GER,MF,5,11,1,0,0,0
107,Ryan Gravenberch,NED,MF,5,3,0,0,0,0
107,Micky Van De Ven,NED,DF,5,1,1,0,0,0
107,Erling Haaland,NOR,FW,5,3,0,0,0,0
107,Fredrik Aursnes,NOR,MF,5,3,0,0,0,0
107,Nikola Vlasic,CRO,MF,5,0,0,0,0,2
107,Tarik Muharemovic,BIH,DF,5,2,0,1,0,0
107,Takehiro Tomiyasu,JPN,DF,5,2,0,0,0,0
107,Mohamed Kanno,KSA,MF,5,0,1,0,0,0
107,Yoane Wissa,COD,FW,5,9,0,0,0,1
107,Edo Kayembe,COD,MF,5,3,0,0,0,0
107,Nizar Alrashdan,JOR,MF,5,4,0,0,0,0
107,Jose Cordoba,PAN,DF,5,1,0,0,0,0
107,Rayan,BRA,FW,5,4,0,0,0,1
107,Jhon Lucumi,COL,DF,5,0,1,0,0,0
107,Edson Alvarez,MEX,DF,5,2,1,0,0,0
107,Moises Caicedo,ECU,MF,5,4,1,0,0,0
107,Lisandro Martinez,ARG,DF,5,4,0,0,0,0
107,Ricardo Pepi,USA,FW,5,2,0,0,0,2
107,Julian Quinones,MEX,FW,5,7,0,0,0,1
107,Jorge Sanchez,MEX,DF,5,1,1,0,0,1
107,Brian Gutierrez,MEX,MF,5,3,1,0,0,0
107,Cristian Martinez,PAN,MF,5,5,0,0,0,1
107,Sebastian Berhalter,USA,MF,5,7,1,0,0,0
107,Piero Hincapie,ECU,DF,5,4,1,1,0,0
107,Jhon Arias,COL,MF,5,2,1,0,0,0
107,Diego Gomez,PAR,MF,5,1,2,0,0,0
107,Tyler Adams,USA,MF,5,6,1,0,0,0
107,Gonzalo Plata,ECU,FW,5,4,1,0,0,0
107,Alessandro Circati,AUS,DF,5,4,1,0,0,0
107,Gabriel Gudmundsson,SWE,DF,5,7,1,0,0,0
107,Djibril Sow,SUI,MF,5,4,0,0,0,0
107,Zeki Amdouni,SUI,FW,5,4,0,0,0,0
107,Mikel Merino,ESP,MF,5,5,0,0,0,0
107,Abdulla Abdullaev,UZB,DF,5,1,0,0,0,0
107,Ferran Torres,ESP,FW,5,2,1,0,0,2
107,Nico Elvedi,SUI,DF,5,6,1,0,0,0
107,Dan Ndoye,SUI,FW,5,16,0,0,0,4
107,Lawrence Shankland,SCO,FW,5,3,0,0,0,1
107,Dani Olmo,ESP,FW,5,8,0,0,0,0
107,Lewis Ferguson,SCO,MF,5,10,0,0,0,0
107,Mohamed Salah,EGY,FW,5,13,0,0,0,1
107,Niko Sigur,CAN,DF,5,1,1,0,0,0
107,Sphephelo Sithole,RSA,MF,5,1,0,1,0,0
107,Jonathan David,CAN,FW,5,5,1,0,0,0
107,Tajon Buchanan,CAN,FW,5,8,0,0,0,2
107,Carlens Arcus,HAI,DF,5,3,1,0,0,2
107,Mohanad Lashin,EGY,MF,5,3,2,0,0,0
107,Cyle Larin,CAN,FW,5,1,2,0,0,3
107,Soufiane Rahimi,MAR,FW,5,6,0,0,0,2
107,Tani Oluwaseyi,CAN,FW,5,5,0,0,0,1
107,Danley Jean Jacques,HAI,MF,5,3,1,0,0,0
107,Nathan Saliba,CAN,MF,5,2,1,0,0,0
107,Alistair Johnston,CAN,DF,5,4,1,0,0,0
107,Kevin Pina,CPV,MF,5,3,1,0,0,0
107,Frantzdy Pierrot,HAI,FW,5,4,1,0,0,2
107,Bilal El Khannouss,MAR,MF,5,5,1,0,0,0
107,Lamine Camara,SEN,MF,5,3,1,0,0,0
169,Ali Abdi,TUN,DF,4,2,0,0,0,0
169,Jean Ricner Bellegarde,HAI,MF,4,5,1,0,0,0
169,Thapelo Maseko,RSA,FW,4,10,0,0,0,0
169,Derek Cornelius,CAN,DF,4,3,1,0,0,0
169,Krepin Diatta,SEN,DF,4,6,0,0,0,0
169,Pape Gueye,SEN,MF,4,2,1,0,0,0
169,Promise David,CAN,FW,4,2,0,0,0,0
169,Noussair Mazraoui,MAR,DF,4,6,0,0,0,0
169,Sadio Mane,SEN,FW,4,10,0,0,0,3
169,Thalente Mbatha,RSA,MF,4,0,1,0,0,0
169,Hannibal Mejbri,TUN,MF,4,15,0,0,0,0
169,Issa Diop,MAR,DF,4,1,3,0,0,0
169,Khuliso Mudau,RSA,DF,4,10,0,0,0,1
169,Aubrey Modiba,RSA,DF,4,6,1,0,0,2
169,Sofyan Amrabat,MAR,MF,4,2,0,0,0,0
169,Yan Valery,TUN,DF,4,1,0,0,0,1
169,Prince Adu,GHA,FW,4,0,0,0,0,0
169,Mahmoud Almardi,JOR,FW,4,2,0,0,0,0
169,Edmilson Junior,QAT,FW,4,2,0,0,0,1
169,Saud Abdulhamid,KSA,DF,4,2,1,0,0,0
169,Yazan Alarab,JOR,DF,4,0,1,0,0,0
169,Nathanael Mbuku,COD,MF,4,8,1,0,0,0
169,Shoja Khalilzadeh,IRN,DF,4,0,1,0,0,1
169,Ramiz Zerrouki,ALG,MF,4,0,1,0,0,0
169,Jamiro Monteiro,CPV,MF,4,2,0,0,0,0
169,Hicham Boudaoui,ALG,MF,4,1,1,0,0,0
169,Willy Semedo,CPV,MF,4,2,0,0,0,0
169,Homam Ahmed,QAT,DF,4,0,0,1,0,0
169,Kaishu Sano,JPN,MF,4,1,1,0,0,0
169,Rafik Belghali,ALG,DF,4,2,0,0,0,0
169,Deroy Duarte,CPV,MF,4,1,0,0,0,0
169,Pedro Neto,POR,FW,4,3,0,0,0,0
169,Paul Wanner,AUT,MF,4,1,0,0,0,0
169,Vitinha,POR,MF,4,5,0,0,0,0
169,Luka Modric,CRO,MF,4,3,1,0,0,0
169,Leandro Trossard,BEL,FW,4,8,0,0,0,1
169,Patrick Berg,NOR,MF,4,2,1,0,0,0
169,Nathaniel Brown,GER,DF,4,1,0,0,0,0
169,Jeremy Doku,BEL,FW,4,18,0,0,0,0
169,Michael Olise,FRA,FW,4,16,1,0,0,0
169,Jan Paul Van Hecke,NED,DF,4,2,0,0,0,0
169,Maxence Lacroix,FRA,DF,4,0,0,0,0,1
169,Bukayo Saka,ENG,FW,4,7,0,0,0,3
169,William Saliba,FRA,DF,4,0,0,0,0,0
169,Brian Brobbey,NED,FW,4,3,0,0,0,2
169,Aurelien Tchouameni,FRA,MF,4,3,1,0,0,0
169,Ivan Perisic,CRO,FW,4,1,2,0,0,0
169,Igor Matanovic,CRO,FW,4,3,0,0,0,1
169,Kerim Alajbegovic,BIH,FW,4,6,0,0,0,1
169,Nikola Katic,BIH,DF,4,0,1,0,0,0
169,Livano Comenencia,CUW,MF,4,1,1,0,0,0
169,Jurien Gaari,CUW,DF,4,1,1,0,0,0
169,Alexander Isak,SWE,FW,4,1,0,0,0,5
169,Granit Xhaka,SUI,MF,4,12,2,0,0,0
169,Cedric Itten,SUI,FW,4,2,0,0,0,0
169,Viktor Gyokeres,SWE,FW,4,7,1,0,0,1
169,Nestory Irankunda,AUS,FW,4,5,0,0,0,0
169,Yasin Ayari,SWE,MF,4,8,1,0,0,0
169,Che Adams,SCO,FW,4,2,0,0,0,0
169,Callum Mccowatt,NZL,MF,4,1,1,0,0,0
169,Mohamed Toure,AUS,FW,4,2,0,0,0,1
169,Finn Surman,NZL,DF,4,1,0,0,0,0
169,Aymeric Laporte,ESP,DF,4,2,1,0,0,0
169,Denis Zakaria,SUI,MF,4,0,2,0,0,1
169,Marko Stamenic,NZL,MF,4,0,1,0,0,0
169,Jordan Bos,AUS,DF,4,4,1,0,0,0
169,Adam Hlozek,CZE,FW,4,4,0,0,0,0
169,Vladimir Coufal,CZE,DF,4,3,0,0,0,1
169,Baris Alper Yilmaz,TUR,FW,4,1,0,0,0,2
169,Manuel Akanji,SUI,DF,4,4,0,0,0,0
169,Pau Cubarsi,ESP,DF,4,2,1,0,0,0
169,Enner Valencia,ECU,FW,4,7,0,0,0,2
169,Nicolas Tagliafico,ARG,DF,4,10,0,0,0,2
169,Jose Luis Rodriguez,PAN,MF,4,2,0,0,0,0
169,Fabinho,BRA,MF,4,0,1,0,0,0
169,Bruno Guimaraes,BRA,MF,4,7,0,0,0,0
169,Vinicius Junior,BRA,FW,4,10,0,0,0,3
169,Antonee Robinson,USA,DF,4,1,1,0,0,0
169,Josue Casimir,HAI,FW,4,4,1,0,0,0
169,Gabriel Martinelli,BRA,FW,4,4,0,0,0,0
169,Nilson Angulo,ECU,FW,4,3,0,0,0,0
169,Cesar Montes,MEX,DF,4,4,0,1,0,0
169,Jose Fajardo,PAN,FW,4,3,1,0,0,1
169,Andres Andrade,PAN,DF,4,0,1,0,0,0
253,Facundo Medina,ARG,DF,3,2,1,0,0,1
253,Douglas Santos,BRA,DF,3,2,1,0,0,1
253,Guillermo Martinez,MEX,FW,3,1,0,0,0,0
253,Nico Gonzalez,ARG,MF,3,2,0,0,0,0
253,Tomas Rodriguez,PAN,FW,3,1,0,0,0,0
253,Mathias Olivera,URU,DF,3,0,1,0,0,0
253,Junior Alonso,PAR,DF,3,3,1,0,0,1
253,Folarin Balogun,USA,FW,3,8,1,1,0,3
253,Marko Arnautovic,AUT,FW,3,1,1,0,0,5
253,Gustavo Gomez,PAR,DF,3,2,0,0,0,1
253,Erik Lira,MEX,MF,3,4,0,0,0,0
253,Gilberto Mora,MEX,MF,3,3,0,0,0,0
253,Nicolas Otamendi,ARG,DF,3,0,0,0,0,1
253,Julio Enciso,PAR,FW,3,10,0,0,0,0
253,Leandro Paredes,ARG,MF,3,2,1,0,0,0
253,Federico Vinas,URU,FW,3,3,0,0,0,3
253,Kevin Rodriguez,ECU,FW,3,1,0,0,0,0
253,Gonzalo Montiel,ARG,DF,3,0,1,0,0,0
253,Edgar Yoel Barcenas,PAN,MF,3,3,1,0,0,0
253,Lucas Paqueta,BRA,MF,3,6,0,0,0,0
253,Willian Pacho,ECU,DF,3,2,0,0,0,0
253,Roberto Alvarado,MEX,FW,3,5,0,0,0,1
253,Mauricio,PAR,MF,3,3,0,0,0,0
253,Pervis Estupinan,ECU,DF,3,0,0,0,0,0
253,Malik Tillman,USA,MF,3,14,1,0,0,0
253,Declan Rice,ENG,MF,3,0,2,0,0,1
253,Martin Odegaard,NOR,MF,3,4,0,0,0,0
253,Desire Doue,FRA,FW,3,6,0,0,0,0
253,Marin Pongracic,CRO,DF,3,0,0,0,0,0
253,Florian Grillitsch,AUT,MF,3,1,0,0,0,0
253,Patrick Wimmer,AUT,FW,3,1,0,0,0,0
253,Andy Robertson,SCO,DF,3,1,1,0,0,0
253,Bradley Barcola,FRA,FW,3,1,1,0,0,1
253,Anthony Gordon,ENG,FW,3,9,0,0,0,0
253,Kieran Tierney,SCO,DF,3,2,0,0,0,0
253,Joao Felix,POR,FW,3,6,0,0,0,0
253,Teun Koopmeiners,NED,MF,3,0,0,0,0,0
253,Morgan Rogers,ENG,MF,3,2,0,0,0,1
253,Romano Schmid,AUT,MF,3,4,0,0,0,0
253,Felix Nmecha,GER,MF,3,3,0,0,0,0
253,Cody Gakpo,NED,FW,3,3,0,0,0,3
253,Nuno Mendes,POR,DF,3,12,0,0,0,1
253,Kai Havertz,GER,FW,3,4,1,0,0,1
253,Leroy Sane,GER,MF,3,2,0,0,0,1
253,Mateo Kovacic,CRO,MF,3,3,0,0,0,0
253,Bernardo Silva,POR,MF,3,0,2,0,0,0
253,Marcus Holmgren Pedersen,NOR,DF,3,1,0,0,0,0
253,Deniz Undav,GER,FW,3,0,0,0,0,0
253,Waldemar Anton,GER,DF,3,1,0,0,0,1
253,Ruben Providence,HAI,FW,3,4,0,0,0,0
253,Liam Millar,CAN,MF,3,1,1,0,0,0
253,Relebohile Mofokeng,RSA,FW,3,2,0,0,0,0
253,Mbekezeli Mbokazi,RSA,DF,3,4,0,0,0,1
253,Brahim Diaz,MAR,FW,3,10,0,0,0,0
253,Rani Khedira,TUN,MF,3,0,1,0,0,0
253,Christ Inao Oulai,CIV,MF,3,5,0,0,0,0
253,Wilson Isidor,HAI,FW,3,2,0,0,0,1
253,Louicius Deedson,HAI,FW,3,1,0,0,0,1
253,Redouane Halhal,MAR,DF,3,5,1,0,0,1
253,Ayyoub Bouaddi,MAR,MF,3,6,0,0,0,0
253,Anass Salah Eddine,MAR,DF,3,2,0,0,0,0
253,Ramy Rabia,EGY,DF,3,2,0,0,0,0
253,Wilfried Singo,CIV,DF,3,1,0,0,0,0
253,Omar Marmoush,EGY,FW,3,8,0,0,0,0
253,Trezeguet,EGY,FW,3,2,0,0,0,0
253,Hamdy Fathy,EGY,MF,3,2,1,0,0,1
253,Teboho Mokoena,RSA,MF,3,6,2,0,0,0
253,Azzedine Ounahi,MAR,MF,3,7,1,0,0,0
253,Mohamed Amine Ben Hmida,TUN,DF,3,1,0,0,0,0
253,Moussa Niakhate,SEN,DF,3,6,0,0,0,0
253,Mehdi Taremi,IRN,FW,3,5,0,0,0,2
253,Ali Nemati,IRN,DF,3,0,1,0,0,1
253,Saman Ghoddos,IRN,MF,3,0,0,0,0,1
253,Amir Alammari,IRQ,MF,3,0,2,0,0,0
253,Mohamed Manai,QAT,FW,3,0,0,0,0,0
253,Merchas Doski,IRQ,DF,3,8,1,0,0,0
253,Keito Nakamura,JPN,MF,3,1,0,0,0,1
253,Fares Chaibi,ALG,MF,3,2,1,0,0,1
253,Ibrahim Bayesh,IRQ,MF,3,5,0,0,0,0
253,Yukinari Sugawara,JPN,DF,3,1,0,0,0,0
253,Salem Aldawsari,KSA,FW,3,4,1,0,0,1
253,Zaid Tahseen,IRQ,DF,3,2,1,0,0,0
253,Castrop Jens,KOR,DF,3,0,0,0,0,0
253,Ehsan Haddad,JOR,DF,3,1,0,0,0,0
253,Ngalayel Mukau,COD,MF,3,4,0,0,0,1
253,Lee Taeseok,KOR,DF,3,1,0,0,0,0
253,Axel Tuanzebe,COD,DF,3,3,0,0,0,0
253,Luca Jaquez,SUI,DF,3,1,0,0,0,0
253,Tomas Soucek,CZE,MF,3,1,0,0,0,2
253,Elijah Just,NZL,MF,3,2,1,0,0,0
253,Lukas Cerv,CZE,MF,3,3,0,0,0,0
253,Michel Aebischer,SUI,MF,3,2,0,0,0,0
253,Elliot Stroud,SWE,DF,3,1,0,0,0,0
253,Ben Gannon Doak,SCO,FW,3,1,0,0,0,0
253,Paul Okon Engstler,AUS,MF,3,2,0,0,0,0
253,Scott Mctominay,SCO,MF,3,0,0,0,0,0
253,Ozan Kabak,TUR,DF,3,0,0,0,0,0
253,Jesper Karlstrom,SWE,MF,3,0,0,0,0,0
253,Ryan Thomas,NZL,MF,3,3,0,0,0,0
253,Benjamin Nygren,SWE,MF,3,0,0,0,0,0
253,Isak Hien,SWE,DF,3,3,1,0,0,0
253,Sherzod Nasrullaev,UZB,DF,3,2,1,0,0,0
253,Arda Guler,TUR,FW,3,10,0,0,0,2
253,Pedri,ESP,MF,3,5,1,0,0,1
253,Jackson Irvine,AUS,MF,3,3,1,0,0,0
253,Mikel Oyarzabal,ESP,FW,3,4,0,0,0,0
253,Fabian Rieder,SUI,MF,3,6,0,0,0,0
253,Victor Lindelof,SWE,DF,3,0,0,0,0,0
253,Tete Yengi,AUS,FW,3,0,0,0,0,0
253,Johan Manzambi,SUI,MF,3,3,0,0,0,1
253,Joe Bell,NZL,MF,3,0,0,0,0,0
253,Juergen Locadia,CUW,FW,3,4,0,0,0,2
253,Amar Memic,BIH,MF,3,3,0,0,0,0
253,Leandro Bacuna,CUW,MF,3,3,1,0,0,0
253,Tahith Chong,CUW,MF,3,13,0,0,0,0
253,Benjamin Tahirovic,BIH,MF,3,2,0,0,0,0
369,Riechedly Bazoer,CUW,DF,2,0,0,0,0,0
369,Deveron Fonville,CUW,DF,2,3,0,0,0,0
369,Sherel Floranus,CUW,DF,2,0,0,0,0,1
369,Gervane Kastaneer,CUW,FW,2,0,2,0,0,0
369,Christopher Operi,CIV,DF,2,0,0,0,0,0
369,Elisha Owusu,GHA,MF,2,0,0,0,0,0
369,Yan Diomande,CIV,FW,2,7,0,0,0,0
369,Ernest Nuamah,GHA,FW,2,2,0,0,0,0
369,Hamza Abdelkarim,EGY,FW,2,0,0,0,0,0
369,Haissem Hassan,EGY,FW,2,2,2,0,0,0
369,Mohamed Hadj Mahmoud,TUN,MF,2,0,0,0,0,0
369,Nicolas Jackson,SEN,FW,2,0,0,0,0,5
369,Mahmoud Saber,EGY,MF,2,1,1,0,0,0
369,Iliman Ndiaye,SEN,FW,2,1,0,0,0,0
369,Ismail Jakobs,SEN,DF,2,0,0,0,0,0
369,Idrissa Gana Gueye,SEN,MF,2,2,0,0,0,0
369,Moise Bombito,CAN,DF,2,0,0,0,0,0
369,Mohamed Hany,EGY,DF,2,1,0,0,0,0
369,El Hadji Malick Diouf,SEN,DF,2,0,0,0,0,0
369,Hazem Mastouri,TUN,FW,2,2,0,0,0,0
369,Emam Ashour,EGY,MF,2,13,0,0,0,0
369,Jacob Shaffelburg,CAN,MF,2,1,0,0,0,0
369,Gessime Yassine,MAR,MF,2,3,0,0,0,0
369,Thomas Partey,GHA,MF,2,5,0,0,0,0
369,Ibrahim Sangare,CIV,MF,2,4,0,0,0,0
369,Stephen Eustaquio,CAN,MF,2,6,0,0,0,0
369,Kamaldeen Sulemana,GHA,FW,2,1,0,0,0,1
369,Jerome Opoku,GHA,DF,2,4,0,0,0,0
369,Gideon Mensah,GHA,DF,2,2,0,0,0,0
369,Zizo,EGY,FW,2,1,0,0,0,0
369,Inaki Williams,GHA,FW,2,1,1,0,0,1
369,Habib Diarra,SEN,MF,2,2,0,0,0,0
369,Ahmed Fatouh,EGY,DF,2,3,1,0,0,0
369,Jean Kevin Duverne,HAI,DF,2,1,0,0,0,1
369,Jackson Porozo,ECU,DF,2,0,1,0,0,0
369,Rodrigo De Paul,ARG,MF,2,4,0,0,0,1
369,Pedro Vite,ECU,MF,2,5,0,0,0,0
369,Igor Thiago,BRA,FW,2,0,0,0,0,0
369,Lionel Messi,ARG,FW,2,14,0,0,0,4
369,Jiovany Ramos,PAN,DF,2,1,0,0,0,0
369,Miguel Almiron,PAR,MF,2,7,1,1,0,0
369,Isidro Pitta,PAR,FW,2,0,0,0,0,2
369,Timothy Weah,USA,FW,2,0,0,0,0,2
369,Sergino Dest,USA,DF,2,4,0,0,0,0
369,Omar Alderete,PAR,DF,2,3,0,0,0,0
369,Cesar Blackman,PAN,DF,2,2,1,0,0,1
369,Jaminton Campaz,COL,FW,2,3,0,0,0,2
369,Gustavo Caballero,PAR,MF,2,2,0,0,0,1
369,Sebastian Caceres,URU,DF,2,2,0,0,0,0
369,Miles Robinson,USA,DF,2,0,0,0,0,0
369,Roger Ibanez,BRA,DF,2,1,1,0,0,0
369,Nico Paz,ARG,FW,2,1,0,0,0,0
369,Thiago Almada,ARG,FW,2,2,1,0,0,2
369,Maxi Araujo,URU,MF,2,7,0,0,0,6
369,David Alaba,AUT,DF,2,0,0,0,0,0
369,Gustavo Velazquez,PAR,DF,2,0,0,0,0,0
369,Auston Trusty,USA,DF,2,0,0,0,0,0
369,Jordy Caicedo,ECU,FW,2,0,0,0,0,0
369,Brenden Aaronson,USA,FW,2,1,0,0,0,0
369,Nicolas De La Cruz,URU,MF,2,3,1,0,0,0
369,Nahuel Molina,ARG,DF,2,0,0,0,0,1
369,Charles De Ketelaere,BEL,FW,2,3,0,0,0,2
369,Noni Madueke,ENG,FW,2,3,0,0,0,1
369,Sasa Kalajdzic,AUT,FW,2,2,0,0,0,0
369,Anthony Ralston,SCO,DF,2,0,0,0,0,0
369,Leo Ostigard,NOR,DF,2,2,0,0,0,0
369,Nico Schlotterbeck,GER,DF,2,1,0,0,0,0
369,Axel Witsel,BEL,MF,2,1,1,0,0,0
369,Torbjorn Heggem,NOR,DF,2,0,0,0,0,0
369,Bruno Fernandes,POR,MF,2,8,0,0,0,1
369,Reece James,ENG,DF,2,0,0,0,0,0
369,David Raum,GER,DF,2,0,0,0,0,0
369,Andreas Schjelderup,NOR,MF,2,3,0,0,0,0
369,Mario Pasalic,CRO,MF,2,0,0,0,0,1
369,Cristiano Ronaldo,POR,FW,2,5,0,0,0,6
369,Nathan Ake,NED,DF,2,2,0,0,0,0
369,John Mcginn,SCO,MF,2,11,0,0,0,0
369,Nelson Semedo,POR,DF,2,2,1,0,0,0
369,Carney Chukwuemeka,AUT,MF,2,2,0,0,0,0
369,Marcel Sabitzer,AUT,MF,2,3,1,0,0,1
369,Kristoffer Ajer,NOR,DF,2,1,1,0,0,0
369,Marc Guehi,ENG,DF,2,11,1,0,0,0
369,Kristian Thorstvedt,NOR,MF,2,1,0,0,0,0
369,Romelu Lukaku,BEL,FW,2,0,1,0,0,1
369,Rayan Cherki,FRA,MF,2,1,0,0,0,0
369,Kevin De Bruyne,BEL,MF,2,4,1,0,0,0
369,Diego Moreira,BEL,MF,2,1,0,0,0,1
369,Crysencio Summerville,NED,FW,2,5,1,0,0,1
369,Josko Gvardiol,CRO,DF,2,3,0,0,0,0
369,Josip Sutalo,CRO,DF,2,1,0,0,0,0
369,Virgil Van Dijk,NED,DF,2,2,0,0,0,0
369,Theo Hernandez,FRA,DF,2,4,0,0,0,0
369,Malo Gusto,FRA,DF,2,0,0,0,0,0
369,Hakan Calhanoglu,TUR,MF,2,1,0,0,0,0
369,Lukas Provod,CZE,MF,2,1,0,0,0,1
369,Ivan Basic,BIH,MF,2,3,0,0,0,0
369,Eren Elmali,TUR,DF,2,1,1,0,0,0
369,Ismail Yuksek,TUR,MF,2,0,0,0,0,0
369,Deniz Gul,TUR,FW,2,0,0,0,0,0
369,Lyndon Dykes,SCO,FW,2,0,0,0,0,0
369,Ardon Jashari,SUI,MF,2,1,0,0,0,0
369,Aiden Oneill,AUS,MF,2,8,0,0,0,0
369,Pavel Sulc,CZE,FW,2,1,0,0,0,1
369,Khojiakbar Alijonov,UZB,DF,2,1,0,0,0,0
369,Merih Demiral,TUR,DF,2,1,0,0,0,3
369,Tim Payne,NZL,DF,2,2,0,0,0,0
369,Yeremy Pino,ESP,FW,2,0,0,0,0,1
369,Yunus Akgun,TUR,FW,2,1,1,0,0,0
369,Chris Wood,NZL,FW,2,1,0,0,0,4
369,Azizjon Ganiev,UZB,MF,2,1,0,0,0,0
369,Orkun Kokcu,TUR,MF,2,4,0,0,0,0
369,Marcos Llorente,ESP,DF,2,1,0,0,0,0
369,Tyler Bindon,NZL,DF,2,1,0,0,0,0
369,Salih Ozcan,TUR,MF,2,2,0,0,0,0
369,Kenan Yildiz,TUR,FW,2,4,0,0,0,0
369,Ryan Christie,SCO,MF,2,1,1,0,0,0
369,Sarpreet Singh,NZL,MF,2,2,1,0,0,0
369,Otabek Shukurov,UZB,MF,2,5,0,0,0,0
369,Aaron Hickey,SCO,DF,2,4,1,0,0,0
369,Jason Geria,AUS,DF,2,0,0,0,0,0
369,Silvan Widmer,SUI,DF,2,0,0,0,0,0
369,Tomas Holes,CZE,DF,2,2,0,0,0,0
369,Nathan Patterson,SCO,DF,2,0,0,0,0,0
369,Lucas Herrington,AUS,DF,2,0,0,0,0,0
369,Gavi,ESP,MF,2,1,0,0,0,0
369,Tomas Chory,CZE,FW,2,1,0,0,0,0
369,Michael Boxall,NZL,DF,2,2,0,0,0,0
369,Alexander Bernhardsson,SWE,DF,2,5,0,0,0,0
369,Mohannad Abutaha,JOR,MF,2,2,1,0,0,0
369,Diney Borges,CPV,DF,2,0,1,0,0,0
369,Assim Madibo,QAT,MF,2,1,0,1,0,0
369,Brian Cipenga,COD,FW,2,1,0,0,0,1
369,Feras Albrikan,KSA,FW,2,3,1,0,0,0
369,Ahmed Fathy,QAT,MF,2,1,2,0,0,0
369,Aymen Hussein,IRQ,FW,2,1,0,0,0,0
369,Cedric Bakambu,COD,FW,2,1,0,0,0,4
369,Ramin Rezaeian,IRN,DF,2,3,0,0,0,1
369,Ehsan Hajisafi,IRN,DF,2,1,1,0,0,0
369,Alireza Jahanbakhsh,IRN,MF,2,0,0,0,0,0
369,Steve Kapuadi,COD,DF,2,0,0,0,0,0
369,Sidny Lopes Cabral,CPV,DF,2,9,2,0,0,0
369,Junya Ito,JPN,MF,2,5,0,0,0,0
369,Daichi Kamada,JPN,MF,2,4,1,0,0,1
369,Zaid Ismael,IRQ,MF,2,0,0,0,0,0
369,Odeh Fakhoury,JOR,FW,2,4,0,0,0,1
369,Abdullah Alhamddan,KSA,FW,2,0,0,0,0,0
369,Charles Pickel,COD,MF,2,1,1,0,0,0
369,Mustafa Saadoon,IRQ,DF,2,0,0,0,0,0
369,Husam Abudahab,JOR,DF,2,1,1,0,0,0
369,Alhashmi Alhussein,QAT,DF,2,2,0,0,0,0
369,Mousa Altamari,JOR,FW,2,3,0,0,0,1
369,Daizen Maeda,JPN,MF,2,1,0,0,0,1
369,Junnosuke Suzuki,JPN,DF,2,0,1,0,0,0
369,Boualem Khoukhi,QAT,DF,2,1,0,0,0,0
369,Shogo Taniguchi,JPN,DF,2,1,1,0,0,0
369,Kim Minjae,KOR,DF,2,0,0,0,0,0
369,Nabil Bentaleb,ALG,MF,2,3,0,0,0,0
369,Meschack Elia,COD,FW,2,0,0,0,0,0
369,Mohammad Ghorbani,IRN,MF,2,1,0,0,0,0
369,Lee Gihyuk,KOR,MF,2,2,1,0,0,0
369,Sultan Albrake,QAT,DF,2,0,0,0,0,0
369,Frans Putros,IRQ,DF,2,0,0,0,0,0
369,Mohammed Abu Alshamat,KSA,DF,2,1,0,0,0,0
369,Mehdi Ghayedi,IRN,FW,2,1,0,0,0,0
369,Noah Sadiki,COD,MF,2,3,2,0,0,0
535,Hwang Inbeom,KOR,MF,1,1,0,0,0,0
535,Seol Youngwoo,KOR,DF,1,2,0,0,0,4
535,Riyad Mahrez,ALG,FW,1,7,0,0,0,1
535,Ahmed Alganehi,QAT,MF,1,0,0,0,0,0
535,Abdallah Nasib,JOR,DF,1,1,0,0,0,0
535,Ali Azaizeh,JOR,FW,1,1,0,0,0,0
535,Ayoub Aloui,QAT,DF,1,0,0,0,0,0
535,Simon Banza,COD,FW,1,0,0,0,0,0
535,Ali Alipour,IRN,FW,1,1,0,0,0,0
535,Hwang Heechan,KOR,MF,1,2,0,0,0,0
535,Rebin Sulaka,IRQ,DF,1,0,0,1,0,0
535,Aaron Wan Bissaka,COD,DF,1,1,0,0,0,1
535,Paik Seungho,KOR,MF,1,2,1,0,0,0
535,Mohammad Mohebbi,IRN,MF,1,1,0,0,0,0
535,Koki Ogawa,JPN,FW,1,0,0,0,0,0
535,Milad Mohammadi,IRN,DF,1,1,0,0,0,2
535,Abdulaziz Hatem,QAT,MF,1,0,0,0,0,0
535,Chancel Mbemba,COD,DF,1,2,1,0,0,0
535,Amer Jamous,JOR,MF,1,0,0,0,0,0
535,Ali Yousif,IRQ,FW,1,0,0,0,0,0
535,Yusuf Abdurisag,QAT,FW,1,2,0,0,0,0
535,Saleem Obaid,JOR,DF,1,0,0,0,0,0
535,Kou Itakura,JPN,DF,1,0,0,0,0,0
535,Ali Olwan,JOR,FW,1,4,0,0,0,1
535,Ayumu Seko,JPN,DF,1,0,0,0,0,0
535,Mahmoud Abunada,QAT,GK,1,1,1,0,0,0
535,Houssem Aouar,ALG,MF,1,2,0,0,0,0
535,Zidane Iqbal,IRQ,MF,1,2,0,0,0,0
535,Lee Jaesung,KOR,MF,1,4,0,0,0,1
535,Hassan Alhaydos,QAT,FW,1,1,0,0,0,0
535,Ryan Mendes,CPV,FW,1,2,0,0,0,2
535,Amine Gouiri,ALG,FW,1,1,0,0,0,0
535,Ali Alhamadi,IRQ,FW,1,5,0,0,0,0
535,Kevin Yakob,IRQ,MF,1,0,0,0,0,0
535,Pedro Miguel,QAT,DF,1,7,0,0,0,0
535,Fiston Mayele,COD,FW,1,1,0,0,0,1
535,Sultan Mandash,KSA,FW,1,2,0,0,0,0
535,Nawaf Bu Washl,KSA,DF,1,1,0,0,0,0
535,Hussein Ali,IRQ,DF,1,0,0,0,0,1
535,Mohamed Amoura,ALG,FW,1,0,0,0,0,0
535,Ali Jasim,IRQ,FW,1,0,0,0,0,0
535,Yang Hyunjun,KOR,MF,1,0,0,0,0,1
535,Musab Aljuwayr,KSA,MF,1,1,0,0,0,2
535,Shuto Machino,JPN,FW,1,0,0,0,0,0
535,Ramy Bensebaini,ALG,DF,1,5,0,0,0,0
535,Ibrahim Maza,ALG,MF,1,5,0,0,0,0
535,Ahmed Alaaeldin,QAT,FW,1,1,0,0,0,0
535,Noor Alrawabdeh,JOR,MF,1,0,0,0,0,0
535,Abdulelah Alamri,KSA,DF,1,0,1,0,0,0
535,Lee Kangin,KOR,MF,1,7,1,0,0,0
535,Cho Guesung,KOR,FW,1,0,1,0,0,0
535,Helio Varela,CPV,MF,1,2,0,0,0,1
535,Mohammad Abuzraiq,JOR,FW,1,0,1,0,0,0
535,Hossein Kanani,IRN,DF,1,0,1,0,0,0
535,Takefusa Kubo,JPN,MF,1,1,0,0,0,0
535,Shahriyar Moghanloo,IRN,FW,1,1,0,0,0,1
535,Santiago Gimenez,MEX,FW,1,3,0,0,0,0
535,Azarias Londono,PAN,FW,1,0,0,0,0,0
535,Joel Ordonez,ECU,DF,1,1,0,0,0,0
535,Jorge Gutierrez,PAN,DF,1,2,0,0,0,0
535,Amir Murillo,PAN,DF,1,7,0,0,0,1
535,Alex Freeman,USA,DF,1,1,0,0,0,0
535,Juan Manuel Sanabria,URU,MF,1,0,1,0,0,1
535,Antonio Sanabria,PAR,FW,1,2,0,0,0,0
535,Matheus Cunha,BRA,FW,1,3,0,0,0,1
535,Jose Manuel Lopez,ARG,FW,1,0,1,0,0,0
535,Gabriel Magalhaes,BRA,DF,1,3,0,0,0,0
535,Luis Romo,MEX,MF,1,3,0,0,0,0
535,Santiago Arias,COL,DF,1,0,0,0,0,0
535,Damian Bobadilla,PAR,MF,1,1,0,0,0,0
535,Alex Arce,PAR,FW,1,0,1,0,0,0
535,Christian Pulisic,USA,FW,1,6,0,0,0,2
535,Alex Zendejas,USA,FW,1,0,0,0,0,0
535,Raul Rangel,MEX,GK,1,0,0,0,0,0
535,Fidel Escobar,PAN,DF,1,0,0,0,0,0
535,Federico Valverde,URU,MF,1,0,0,0,0,0
535,Raphinha,BRA,FW,1,2,0,0,0,2
535,Giuliano Simeone,ARG,FW,1,0,0,0,0,0
535,Johan Mojica,COL,DF,1,7,1,0,0,1
535,Mateo Chavez,MEX,DF,1,1,0,0,0,0
535,Alex Sandro,BRA,DF,1,0,0,0,0,0
535,Exequiel Palacios,ARG,MF,1,1,0,0,0,0
535,Yaimar Medina,ECU,DF,1,0,0,0,0,0
535,Armando Gonzalez,MEX,FW,1,0,0,0,0,0
535,Jordy Alcivar,ECU,MF,1,0,1,0,0,0
535,Alberto Quintero,PAN,MF,1,0,0,0,0,0
535,Giovanni Reyna,USA,MF,1,2,0,0,0,0
535,Gabriel Avalos,PAR,FW,1,2,0,0,0,0
535,Giovani Lo Celso,ARG,MF,1,1,0,0,0,1
535,Darwin Nunez,URU,FW,1,1,0,0,0,2
535,Manuel Ugarte,URU,MF,1,0,0,0,0,0
535,Mark Mckenzie,USA,DF,1,1,0,0,0,0
535,Endrick,BRA,FW,1,1,0,0,0,1
535,Neymar Jr,BRA,FW,1,1,1,0,0,0
535,Guillermo Varela,URU,DF,1,1,1,0,0,0
535,Jhon Cordoba,COL,FW,1,2,0,0,0,2
535,Alejandro Romero Gamarra,PAR,FW,1,1,0,0,0,0
535,Israel Reyes,MEX,DF,1,0,0,0,0,0
535,Kendry Paez,ECU,MF,1,0,1,0,0,0
535,Obed Vargas,MEX,MF,1,0,0,0,0,0
535,Luis Chavez,MEX,MF,1,0,0,0,0,0
535,Cecilio Waterman,PAN,FW,1,1,0,0,0,0
535,Jose Canale,PAR,DF,1,2,0,0,0,0
535,Deiver Machado,COL,DF,1,2,0,0,0,0
535,Ederson Silva,BRA,MF,1,0,0,0,0,0
535,Dominique Simon,HAI,MF,1,1,0,0,0,0
535,Armando Obispo,CUW,DF,1,0,0,0,0,1
535,Samed Bazdar,BIH,FW,1,1,0,0,0,0
535,Jovo Lukic,BIH,FW,1,0,1,0,0,0
535,Stjepan Radeljic,BIH,DF,1,3,1,0,0,0
535,Ermin Mahmic,BIH,MF,1,1,1,0,0,0
535,Elias Saad,TUN,FW,1,3,0,0,0,1
535,Firas Chaouat,TUN,FW,1,2,0,0,0,3
535,Ange Yoan Bonny,CIV,FW,1,3,0,0,0,1
535,Mohamed Abdelmoneim,EGY,DF,1,0,0,0,0,0
535,Abdoulaye Seck,SEN,DF,1,1,1,0,0,0
535,Maxime Crepeau,CAN,GK,1,1,0,0,0,0
535,Ali Ahmed,CAN,FW,1,5,0,0,0,0
535,Pape Matar Sarr,SEN,MF,1,0,0,0,0,0
535,Dailon Livramento,CPV,FW,1,1,0,0,0,2
535,Abdul Fatawu,GHA,FW,1,8,1,0,0,0
535,Karim Hafez,EGY,DF,1,2,0,0,0,0
535,Alidu Seidu,GHA,DF,1,0,1,0,0,0
535,Montassar Talbi,TUN,DF,1,1,0,0,0,0
535,Iqraam Rayners,RSA,FW,1,1,0,0,0,2
535,Ayoube Amaimouni,MAR,FW,1,0,0,0,0,0
535,Wagner Pina,CPV,DF,1,3,1,0,0,0
535,Yannick Semedo,CPV,MF,1,1,0,0,0,0
535,Nkosinathi Sibisi,RSA,DF,1,0,1,0,0,0
535,Dylan Bronn,TUN,DF,1,0,0,0,0,0
535,Evidence Makgopa,RSA,FW,1,1,0,0,0,2
535,Jonas Adjetey,GHA,DF,1,0,0,0,0,0
535,Mathieu Choiniere,CAN,MF,1,1,0,0,0,0
535,Pathe Ciss,SEN,MF,1,0,0,0,0,0
535,Zakaria El Ouahdi,MAR,DF,1,1,0,0,0,0
535,Tshepang Moremi,RSA,FW,1,1,0,0,0,0
535,Kamogelo Sebelebele,RSA,FW,1,0,0,0,0,0
535,Oswin Appollis,RSA,FW,1,2,0,0,0,0
535,Evann Guessand,CIV,FW,1,0,0,0,0,0
535,Kojo Peprah Oppong,GHA,DF,1,0,1,0,0,0
535,Ismael Kone,CAN,MF,1,3,0,0,0,0
535,Ime Okon,RSA,DF,1,1,0,0,0,0
535,Derrick Luckassen,GHA,DF,1,2,0,0,0,0
535,Themba Zwane,RSA,MF,1,0,0,1,0,0
535,Sebastian Tounekti,TUN,MF,1,0,0,0,0,0
535,Ismaila Sarr,SEN,FW,1,9,0,0,0,2
535,Nicolas Pepe,CIV,FW,1,1,1,0,0,1
535,Hannes Delcroix,HAI,DF,1,2,0,0,0,0
535,Jovane Cabral,CPV,MF,1,2,0,0,0,0
535,Seko Fofana,CIV,MF,1,0,1,0,0,0
535,Ayoub El Kaabi,MAR,FW,1,1,0,0,0,3
535,Hossam Abdelmaguid,EGY,DF,1,0,0,0,0,0
535,Jack Hendry,SCO,DF,1,3,0,0,0,0
535,Odiljon Xamrobekov,UZB,MF,1,1,1,0,0,0
535,Dostonbek Khamdamov,UZB,MF,1,0,0,0,0,1
535,Aziz Behich,AUS,DF,1,4,0,0,0,0
535,Cristian Volpato,AUS,FW,1,2,0,0,0,0
535,Esmir Bajraktarevic,BIH,FW,1,2,0,0,0,0
535,Rustam Ashurmatov,UZB,DF,1,0,0,0,0,0
535,Nishan Velupillay,AUS,FW,1,0,0,0,0,0
535,Abdulkerim Bardakci,TUR,DF,1,3,0,0,0,0
535,Edin Dzeko,BIH,FW,1,2,1,0,0,0
535,Connor Metcalfe,AUS,MF,1,0,0,0,0,0
535,Mert Muldur,TUR,DF,1,2,0,0,0,0
535,Patrik Schick,CZE,FW,1,3,0,0,0,0
535,Dennis Hadzikadunic,BIH,DF,1,0,0,0,0,0
535,Zeki Celik,TUR,DF,1,0,0,0,0,0
535,Fabian Ruiz,ESP,MF,1,3,0,0,0,0
535,Gustaf Lagerbielke,SWE,DF,1,3,0,0,0,1
535,Stepan Chaloupek,CZE,DF,1,0,0,0,0,0
535,Besfort Zeneli,SWE,MF,1,0,0,0,0,0
535,Mojmir Chytil,CZE,FW,1,0,0,0,0,0
535,Ajdin Hrustic,AUS,FW,1,0,0,0,0,0
535,Miro Muheim,SUI,DF,1,3,1,0,0,0
535,Mathew Leckie,AUS,FW,1,1,0,0,0,0
535,Kenny Mclean,SCO,MF,1,1,1,0,0,0
535,Liberato Cacace,NZL,DF,1,5,0,0,0,0
535,Findlay Curtis,SCO,FW,1,0,1,0,0,0
535,Arthur Theate,BEL,DF,1,0,0,0,0,0
535,Oscar Bobb,NOR,MF,1,4,0,0,0,0
535,Jarell Quansah,ENG,DF,1,0,1,1,0,0
535,Djed Spence,ENG,DF,1,2,0,0,0,0
535,Warren Zaire Emery,FRA,MF,1,0,0,0,0,0
535,Joao Neves,POR,MF,1,4,0,0,0,0
535,Pascal Gross,GER,MF,1,0,0,0,0,0
535,Grant Hanley,SCO,DF,1,0,0,0,0,1
535,Rafael Leao,POR,FW,1,2,0,0,0,0
535,Luka Vuskovic,CRO,DF,1,1,0,0,0,0
535,Martin Baturina,CRO,MF,1,14,0,0,0,0
535,Antonio Ruediger,GER,DF,1,0,0,0,0,0
535,Amadou Onana,BEL,MF,1,3,0,0,0,0
535,Malick Thiaw,GER,DF,1,1,0,0,0,0
535,Francisco Conceicao,POR,FW,1,1,0,0,0,1
535,Tomas Araujo,POR,DF,1,0,1,0,0,0
535,John Stones,ENG,DF,1,1,0,0,0,0
535,Antonio Nusa,NOR,FW,1,5,1,0,0,2
535,Maximilian Beier,GER,FW,1,1,0,0,0,0
535,Eberechi Eze,ENG,MF,1,3,0,0,0,1
535,Phillip Mwene,AUT,DF,1,1,0,0,0,0
535,Dodi Lukebakio,BEL,FW,1,2,0,0,0,0
535,Memphis Depay,NED,FW,1,1,1,0,0,0
535,Wout Weghorst,NED,FW,1,2,0,0,0,0
535,Jean Philippe Mateta,FRA,FW,1,0,0,0,0,0
535,Nicolas Seiwald,AUT,MF,1,1,0,0,0,0
535,Michael Gregoritsch,AUT,FW,1,1,0,0,0,2
535,Kevin Danso,AUT,DF,1,2,0,0,0,0
535,Morten Thorsby,NOR,MF,1,0,0,0,0,0
535,Petar Musa,CRO,FW,1,1,0,0,0,0
535,Florian Wirtz,GER,MF,1,3,0,0,0,1
745,Joaquin Seys,BEL,DF,0,0,0,0,0,0
745,Matheus Nunes,POR,MF,0,0,0,0,0,0
745,Nick Woltemade,GER,FW,0,0,0,0,0,0
745,Lutsharel Geertruida,NED,DF,0,0,0,0,0,0
745,Mike Penders,BEL,GK,0,0,0,0,0,0
745,Toni Fruk,CRO,MF,0,0,0,0,0,0
745,Quinten Timber,NED,MF,0,2,0,0,0,0
745,Marcus Thuram,FRA,FW,0,0,0,0,0,0
745,Dan Burn,ENG,DF,0,0,0,0,0,0
745,Goncalo Ramos,POR,FW,0,0,0,0,0,0
745,Dominik Livakovic,CRO,GK,0,1,0,0,0,0
745,Jamie Leweling,GER,MF,0,0,0,0,0,0
745,Tijjani Reijnders,NED,MF,0,3,0,0,0,1
745,Rui Silva,POR,GK,0,0,0,0,0,0
745,Maghnes Akliouche,FRA,MF,0,0,0,0,0,0
745,Goncalo Inacio,POR,DF,0,0,0,0,0,0
745,Thibaut Courtois,BEL,GK,0,0,0,0,0,0
745,Sondre Langas,NOR,DF,0,0,0,0,0,0
745,Thelo Aasgaard,NOR,MF,0,3,0,0,0,0
745,Dominik Kotarski,CRO,GK,0,0,0,0,0,0
745,Dean Henderson,ENG,GK,0,0,0,0,0,0
745,Jorrel Hato,NED,DF,0,0,0,0,0,0
745,Marco Pasalic,CRO,FW,0,2,0,0,0,2
745,Francisco Trincao,POR,FW,0,0,0,0,0,0
745,Jordan Henderson,ENG,MF,0,1,1,0,0,0
745,Egil Selvik,NOR,GK,0,0,0,0,0,0
745,Mats Wieffer,NED,DF,0,0,0,0,0,0
745,Robin Roefs,NED,GK,0,0,0,0,0,0
745,Fredrik Andre Bjorkan,NOR,DF,0,0,0,0,0,0
745,Manuel Neuer,GER,GK,0,2,0,0,0,0
745,Brice Samba,FRA,GK,0,0,0,0,0,0
745,Alexander Prass,AUT,MF,0,0,0,0,0,0
745,Matias Fernandez Pardo,BEL,FW,0,0,0,0,0,0
745,Assan Ouedraogo,GER,MF,0,0,0,0,0,0
745,Kobbie Mainoo,ENG,MF,0,0,0,0,0,0
745,Sander Tangvik,NOR,GK,0,0,0,0,0,0
745,Jordan Pickford,ENG,GK,0,3,0,0,0,0
745,Florian Wiegele,AUT,GK,0,0,0,0,0,0
745,Robin Risser,FRA,GK,0,0,0,0,0,0
745,Koni De Winter,BEL,DF,0,0,0,0,0,0
745,Oliver Baumann,GER,GK,0,0,0,0,0,0
745,Marco Friedl,AUT,DF,0,0,0,0,0,0
745,Henrik Falchener,NOR,DF,0,0,0,0,0,0
745,Alessandro Schoepf,AUT,MF,0,0,0,0,0,0
745,Samu Costa,POR,DF,0,0,0,0,0,0
745,Orjan Nyland,NOR,GK,0,0,0,0,0,0
745,Justin Kluivert,NED,MF,0,2,0,0,0,0
745,Ollie Watkins,ENG,FW,0,0,0,0,0,0
745,Marten De Roon,NED,MF,0,0,0,0,0,0
745,Ivor Pandur,CRO,GK,0,0,0,0,0,0
745,Ngolo Kante,FRA,MF,0,0,0,0,0,0
745,Leon Goretzka,GER,MF,0,0,0,0,0,0
745,Hans Vanaken,BEL,MF,0,6,0,0,0,0
745,Duje Caleta Car,CRO,DF,0,0,0,0,0,0
745,James Trafford,ENG,GK,0,0,0,0,0,0
745,Zeno Debast,BEL,DF,0,0,0,0,0,0
745,Philipp Lienhart,AUT,DF,0,0,0,0,0,0
745,Michael Svoboda,AUT,DF,0,0,0,0,0,0
745,Ousmane Dembele,FRA,FW,0,3,0,0,0,2
745,Lucas Hernandez,FRA,DF,0,0,0,0,0,0
745,Guus Til,NED,MF,0,0,0,0,0,0
745,Craig Gordon,SCO,GK,0,0,0,0,0,0
745,Martin Erlic,CRO,DF,0,0,0,0,0,0
745,Diogo Dalot,POR,DF,0,1,0,0,0,0
745,Senne Lammens,BEL,GK,0,0,0,0,0,0
745,Joshua Kimmich,GER,DF,0,7,0,0,0,0
745,Josip Stanisic,CRO,DF,0,3,0,0,0,0
745,Kristijan Jakic,CRO,DF,0,0,0,0,0,0
745,Noa Lang,NED,FW,0,1,0,0,0,0
745,Alexander Schlager,AUT,GK,0,1,0,0,0,0
745,Bart Verbruggen,NED,GK,0,0,0,0,0,0
745,Ibrahima Konate,FRA,DF,0,0,0,0,0,0
745,Diogo Costa,POR,GK,0,1,0,0,0,0
745,Nikola Moro,CRO,MF,0,0,0,0,0,0
745,Jose Sa,POR,GK,0,0,0,0,0,0
745,Ivan Toney,ENG,FW,0,0,0,0,0,0
745,Ruben Neves,POR,MF,0,0,0,0,0,0
745,Nadiem Amiri,GER,MF,0,0,0,0,0,0
745,Patrick Pentz,AUT,GK,0,0,0,0,0,0
745,Jorgen Strand Larsen,NOR,FW,0,2,0,0,0,1
745,Mike Maignan,FRA,GK,0,2,0,0,0,0
745,David Affengruber,AUT,DF,0,0,0,0,0,0
745,Angelo Stiller,GER,MF,0,0,0,0,0,0
745,Trevoh Chalobah,ENG,DF,0,0,0,0,0,0
745,Jens Petter Hauge,NOR,MF,0,0,0,0,0,0
745,Alexander Nuebel,GER,GK,0,0,0,0,0,0
745,Donyell Malen,NED,FW,0,2,0,0,0,0
745,Dejan Ljubicic,AUT,MF,0,0,0,0,0,0
745,Goncalo Guedes,POR,FW,0,0,0,0,0,0
745,Alexis Saelemaekers,BEL,MF,0,2,0,0,0,2
745,Mark Flekken,NED,GK,0,0,0,0,0,0
745,Andrej Kramaric,CRO,FW,0,0,0,0,0,1
745,Luka Sucic,CRO,MF,0,0,0,0,0,0
745,Haris Tabakovic,BIH,FW,0,0,0,0,0,0
745,Mladen Jurkas,BIH,GK,0,0,0,0,0,0
745,Godfried Roemeratoe,CUW,MF,0,0,0,0,0,0
745,Arjany Martha,CUW,MF,0,0,0,0,0,0
745,Roshon Van Eijma,CUW,DF,0,0,0,0,0,0
745,Trevor Doornbusch,CUW,GK,0,0,0,0,0,0
745,Armin Gigovic,BIH,MF,0,1,0,0,0,0
745,Shurandy Sambo,CUW,DF,0,0,0,0,0,0
745,Tyrese Noslin,CUW,FW,0,2,0,0,0,0
745,Martin Zlomislic,BIH,GK,0,0,0,0,0,0
745,Brandley Kuwas,CUW,FW,0,0,0,0,0,0
745,Joshua Brenet,CUW,DF,0,1,0,0,0,1
745,Jearl Margaritha,CUW,FW,0,0,0,0,0,0
745,Sontje Hansen,CUW,FW,0,0,0,0,0,0
745,Kenji Gorre,CUW,FW,0,0,0,0,0,0
745,Tyrick Bodak,CUW,GK,0,0,0,0,0,0
745,Jeremy Antonisse,CUW,FW,0,0,0,0,0,0
745,Eloy Room,CUW,GK,0,0,0,0,0,0
745,Kevin Felida,CUW,MF,0,0,0,0,0,0
745,Marcio Rosa,CPV,GK,0,0,0,0,0,0
745,Fahad Talib,IRQ,GK,0,0,0,0,0,0
745,Kim Taehyeon,KOR,DF,0,0,0,0,0,0
745,Ahmed Maknazi,IRQ,DF,0,0,0,0,0,0
745,Yuito Suzuki,JPN,MF,0,0,0,0,0,0
745,Ziyad Aljohani,KSA,MF,0,0,0,0,0,0
745,Amirhossein Hosseinzadeh,IRN,FW,0,0,0,0,0,0
745,Hassan Kadish,KSA,DF,0,0,0,0,0,0
745,Ahmed Qasem,IRQ,FW,0,1,0,0,0,0
745,Son Heungmin,KOR,FW,0,4,0,0,0,2
745,Luca Zidane,ALG,GK,0,0,0,0,0,0
745,Garry Rodrigues,CPV,MF,0,0,0,0,0,2
745,Lee Donggyeong,KOR,MF,0,0,0,0,0,0
745,Meshaal Barsham,QAT,GK,0,0,0,0,0,0
745,Aaron Tshibola,COD,MF,0,0,0,0,0,0
745,Ali Majrashi,KSA,DF,0,0,0,0,0,0
745,Amirmohammad Razaghinia,IRN,MF,0,0,0,0,0,0
745,Ahmed Basil,IRQ,GK,0,1,0,0,0,0
745,Mohammad Abuhasheesh,JOR,DF,0,0,0,0,0,0
745,Stopira,CPV,DF,0,0,0,0,0,0
745,Cho Wije,KOR,DF,0,0,0,0,0,0
745,Hossein Hosseini,IRN,GK,0,0,0,0,0,0
745,Adil Boulbina,ALG,FW,0,0,0,0,0,1
745,Danial Iri,IRN,DF,0,0,0,0,0,0
745,Nawaf Alaqidi,KSA,GK,0,0,0,0,0,0
745,Issa Laye,QAT,DF,0,3,0,0,0,0
745,Matthieu Epolo,COD,GK,0,0,0,0,0,0
745,Jehad Thikri,KSA,DF,0,0,0,0,0,0
745,Jalal Hassan,IRQ,GK,0,1,0,0,0,0
745,Oh Hyeongyu,KOR,FW,0,1,0,0,0,0
745,Aiman Yahya,KSA,FW,0,0,0,0,0,0
745,Akram Afif,QAT,FW,0,4,0,0,0,2
745,Kento Shiogai,JPN,FW,0,0,0,0,0,0
745,Mohammed Alowais,KSA,GK,0,1,0,0,0,0
745,Youssef Amyn,IRQ,MF,0,0,0,0,0,0
745,Saed Alrosan,JOR,DF,0,0,0,0,0,0
745,Aimar Sher,IRQ,MF,0,0,0,0,0,0
745,Oussama Benbot,ALG,GK,0,1,0,0,0,0
745,Park Jinseob,KOR,DF,0,1,0,0,0,0
745,Tahsin Mohammed,QAT,FW,0,0,0,0,0,0
745,Nuno Da Costa,CPV,MF,0,3,0,0,0,0
745,Gael Kakuta,COD,FW,0,0,0,0,0,0
745,Fares Ghedjemis,ALG,FW,0,0,0,0,0,0
745,Mohanad Ali,IRQ,FW,0,0,0,0,0,0
745,Anas Badawi,JOR,DF,0,0,0,0,0,0
745,Karim Boudiaf,QAT,MF,0,2,0,0,0,0
745,Logan Costa,CPV,DF,0,0,0,0,0,0
745,Gedeon Kalulu,COD,DF,0,0,0,0,0,0
745,Nadhir Benbouali,ALG,FW,0,0,0,0,0,0
745,Jo Hyeonwoo,KOR,GK,0,0,0,0,0,0
745,Abdullah Alkhaibari,KSA,MF,0,2,0,0,0,0
745,Khalid Alghannam,KSA,FW,0,0,0,0,0,0
745,Kim Moonhwan,KOR,DF,0,0,0,0,0,0
745,Almoez Ali,QAT,FW,0,0,0,0,0,0
745,Mehdi Torabi,IRN,MF,0,0,0,0,0,0
745,Steven Moreira,CPV,DF,0,2,0,0,0,0
745,Arthur Masuaku,COD,DF,0,4,0,0,0,0
745,Roozbeh Cheshmi,IRN,MF,0,0,0,0,0,0
745,Rajaei Ayed,JOR,MF,0,0,0,0,0,0
745,Dennis Dargahi,IRN,FW,0,0,0,0,0,0
745,Payam Niazmand,IRN,GK,0,0,0,0,0,0
745,Tsuyoshi Watanabe,JPN,DF,0,1,0,0,0,0
745,Keisuke Goto,JPN,FW,0,1,0,0,0,0
745,Saleh Alshehri,KSA,FW,0,0,0,0,0,0
745,Achref Abada,ALG,DF,0,0,0,0,0,0
745,Keisuke Osako,JPN,GK,0,0,0,0,0,0
745,Moteb Alharbi,KSA,DF,0,4,0,0,0,0
745,Samir Chergui,ALG,DF,0,0,0,0,0,0
745,Melvin Mastil,ALG,GK,0,0,0,0,0,0
745,Munaf Younus,IRQ,DF,0,0,0,0,0,0
745,Mohammad Aldaoud,JOR,MF,0,0,0,0,0,0
745,Yazeed Abulaila,JOR,GK,0,0,0,0,0,0
745,Cj Dos Santos,CPV,GK,0,0,0,0,0,0
745,Dylan Batubinsika,COD,DF,0,0,0,0,0,0
745,Kim Seunggyu,KOR,GK,0,0,0,0,0,0
745,Akam Hashim,IRQ,DF,0,3,0,0,0,0
745,Mohammad Abughoush,JOR,MF,0,0,0,0,0,0
745,Pico Lopes,CPV,DF,0,3,0,0,0,0
745,Mohamed Amine Tougai,ALG,DF,0,0,0,0,0,0
745,Joris Kayembe,COD,DF,0,1,0,0,0,0
745,Song Bumkeun,KOR,GK,0,0,0,0,0,0
745,Bae Junho,KOR,MF,0,0,0,0,0,0
745,Alireza Beiranvand,IRN,GK,0,1,0,0,0,0
745,Lucas Mendes,QAT,DF,0,0,0,0,0,1
745,Tomoki Hayakawa,JPN,GK,0,0,0,0,0,0
745,Arya Yousefi,IRN,DF,0,1,0,0,0,0
745,Zineddine Belaid,ALG,DF,0,0,0,0,0,1
745,Zion Suzuki,JPN,GK,0,1,0,0,0,0
745,Theo Bongonda,COD,MF,0,1,0,0,0,0
745,Saleh Hardani,IRN,DF,0,2,0,0,0,0
745,Vozinha,CPV,GK,0,3,0,0,0,0
745,Hassan Altambakti,KSA,DF,0,1,0,0,0,0
745,Ala Alhajji,KSA,MF,0,0,0,0,0,0
745,Mohammed Muntari,QAT,FW,0,0,0,0,0,0
745,Salah Zakaria,QAT,GK,0,0,0,0,0,0
745,Kim Jingyu,KOR,MF,0,1,0,0,0,0
745,Mohammad Abualnadi,JOR,DF,0,0,0,0,0,0
745,Aissa Mandi,ALG,DF,0,5,0,0,0,0
745,Anis Hadj Moussa,ALG,FW,0,2,0,0,0,0
745,Jaouen Hadjam,ALG,DF,0,0,0,0,0,0
745,Ahmed Alkassar,KSA,GK,0,0,0,0,0,0
745,Abdallah Alfakhori,JOR,GK,0,0,0,0,0,0
745,Marko Farji,IRQ,FW,0,2,0,0,0,0
745,Timothy Fayulu,COD,GK,0,0,0,0,0,0
745,Yassine Titraoui,ALG,MF,0,0,0,0,0,0
745,Eom Jisung,KOR,MF,0,1,0,0,0,0
745,Ali Lajami,KSA,DF,0,2,0,0,0,0
745,Ibrahim Sadeh,JOR,MF,0,0,0,0,0,0
745,Lionel Mpasi,COD,GK,0,0,0,0,0,0
745,Nour Baniateyah,JOR,GK,0,0,0,0,0,0
745,Danilo Santos,BRA,MF,0,0,0,0,0,0
745,Ronald Araujo,URU,DF,0,0,0,0,0,0
745,Jeremy Arevalo,ECU,FW,0,0,0,0,0,0
745,Joaquin Piquerez,URU,MF,0,0,0,0,0,0
745,Adalberto Carrasquilla,PAN,MF,0,0,0,0,0,0
745,Cesar Yanis,PAN,MF,0,0,0,0,0,0
745,Matt Freese,USA,GK,0,2,0,0,0,0
745,Alan Minda,ECU,MF,0,1,0,0,0,0
745,Angelo Preciado,ECU,DF,0,1,0,0,0,0
745,Emiliano Martinez,ARG,GK,0,0,0,0,0,0
745,Edgardo Farina,PAN,DF,0,0,0,0,0,0
745,Leo Pereira,BRA,DF,0,0,0,0,0,0
745,Rodrigo Zalazar,URU,MF,0,0,0,0,0,0
745,Denil Castillo,ECU,MF,0,0,0,0,0,0
745,David Ospina,COL,GK,0,0,0,0,0,0
745,Brian Rodriguez,URU,FW,0,1,0,0,0,0
745,John Yeboah,ECU,FW,0,4,0,0,0,0
745,Orlando Gill,PAR,GK,0,3,0,0,0,0
745,Juan Musso,ARG,GK,0,0,0,0,0,0
745,Tim Ream,USA,DF,0,2,0,0,0,0
745,Carlos Acevedo,MEX,GK,0,0,0,0,0,0
745,Ederson,BRA,GK,0,0,0,0,0,0
745,Giorgian De Arrascaeta,URU,MF,0,0,0,0,0,0
745,Jorge Carrascal,COL,MF,0,0,0,0,0,0
745,Eric Davis,PAN,DF,0,1,0,0,0,0
745,Cristian Roldan,USA,MF,0,0,0,0,0,0
745,Hernan Galindez,ECU,GK,0,0,0,0,0,0
745,Orbelin Pineda,MEX,MF,0,2,0,0,0,0
745,Matias Vina,URU,DF,0,1,0,0,0,1
745,Luiz Henrique,BRA,FW,0,1,0,0,0,0
745,Joe Scally,USA,DF,0,2,0,0,0,1
745,Weverton,BRA,GK,0,0,0,0,0,0
745,Bremer,BRA,DF,0,0,0,0,0,0
745,Andres Gomez,COL,FW,0,0,0,0,0,0
745,Alvaro Montero,COL,GK,0,0,0,0,0,0
745,Santiago Mele,URU,GK,0,0,0,0,0,0
745,Alexandro Maidana,PAR,DF,0,0,0,0,0,0
745,Matt Turner,USA,GK,0,0,0,0,0,0
745,Felix Torres,ECU,DF,0,0,0,0,0,0
745,Juan Portilla,COL,MF,0,0,0,0,0,0
745,Gatito Fernandez,PAR,GK,0,0,0,0,0,0
745,Geronimo Rulli,ARG,GK,0,0,0,0,0,0
745,Alvaro Fidalgo,MEX,MF,0,2,0,0,0,0
745,Roderick Miller,PAN,DF,0,0,0,0,0,0
745,Gonzalo Valle,ECU,GK,0,0,0,0,0,0
745,Moises Ramirez,ECU,GK,0,0,0,0,0,0
745,Facundo Pellistri,URU,FW,0,0,0,0,0,0
745,Marcos Senesi,ARG,DF,0,2,0,0,0,0
745,Keeto Thermoncy,HAI,DF,0,0,0,0,0,0
745,Johan Vasquez,MEX,DF,0,2,1,0,0,0
745,James Rodriguez,COL,MF,0,5,0,0,0,0
745,Santiago Bueno,URU,DF,0,0,0,0,0,0
745,Alexis Vega,MEX,FW,0,0,0,0,0,0
745,Willer Ditta,COL,DF,0,0,0,0,0,0
745,Sergio Rochet,URU,GK,0,0,0,0,0,0
745,Luis Mejia,PAN,GK,0,0,0,0,0,0
745,Cesar Huerta,MEX,FW,0,0,0,0,0,0
745,Yerry Mina,COL,DF,0,1,0,0,0,0
745,Haji Wright,USA,FW,0,0,0,0,0,1
745,Ramon Sosa,PAR,MF,0,1,0,0,0,0
745,Max Arfsten,USA,DF,0,0,0,0,0,0
745,Anthony Valencia,ECU,MF,0,0,0,0,0,0
745,Camilo Vargas,COL,GK,0,0,0,0,0,0
745,Guillermo Ochoa,MEX,GK,0,0,0,0,0,0
745,Orlando Mosquera,PAN,GK,0,0,0,0,0,0
745,Fabian Balbuena,PAR,DF,0,0,0,0,0,0
745,Yassin Fortune,HAI,FW,0,1,0,0,0,0
745,Chris Brady,USA,GK,0,0,0,0,0,0
745,Alisson,BRA,GK,0,0,0,0,0,0
745,Cesar Samudio,PAN,GK,0,0,0,0,0,0
745,Kevin Castano,COL,MF,0,0,0,0,0,0
745,Juan Quintero,COL,MF,0,1,0,0,0,0
745,Anibal Godoy,PAN,MF,0,1,0,0,0,0
745,Fernando Muslera,URU,GK,0,0,0,0,0,0
745,Jose Maria Gimenez,URU,DF,0,0,0,0,0,0
745,Cucho Hernandez,COL,FW,0,1,0,0,0,0
745,Ismael Diaz,PAN,MF,0,0,0,0,0,2
745,Gaston Olveira,PAR,GK,0,0,0,0,0,0
745,Marquinhos,BRA,DF,0,2,0,0,0,1
745,Rodrigo Aguirre,URU,FW,0,0,0,0,0,0
745,Valentin Barco,ARG,MF,0,1,0,0,0,0
745,Emiliano Martinez,URU,MF,0,0,0,0,0,0
745,Braian Ojeda,PAR,MF,0,0,0,0,0,0
745,Mert Gunok,TUR,GK,0,0,0,0,0,0
745,Jamshid Iskanderov,UZB,MF,0,0,0,0,0,0
745,Can Uzun,TUR,FW,0,1,0,0,0,0
745,Jaroslav Zeleny,CZE,DF,0,2,0,0,0,0
745,Nico Williams,ESP,FW,0,1,0,0,0,0
745,Jacob Italiano,AUS,DF,0,0,1,0,0,0
745,Irfan Can Kahveci,TUR,FW,0,0,0,0,0,0
745,Michal Sadilek,CZE,MF,0,3,0,0,0,0
745,Nihad Mujakic,BIH,DF,0,0,0,0,0,0
745,Igor Sergeev,UZB,FW,0,0,0,0,0,1
745,Martin Zubimendi,ESP,MF,0,0,0,0,0,0
745,Hjalmar Ekdal,SWE,DF,0,0,0,0,0,0
745,Ugurcan Cakir,TUR,GK,0,0,0,0,0,0
745,Yvon Mvogo,SUI,GK,0,0,0,0,0,0
745,Alex Grimaldo,ESP,DF,0,0,0,0,0,0
745,Oguz Aydin,TUR,FW,0,2,0,0,0,0
745,Altay Bayindir,TUR,GK,0,0,0,0,0,0
745,Angus Gunn,SCO,GK,0,0,0,0,0,0
745,Borja Iglesias,ESP,FW,0,0,0,0,0,0
745,Christian Fassnacht,SUI,FW,0,0,0,0,0,0
745,Noah Okafor,SUI,FW,0,0,0,0,0,0
745,Vladimir Darida,CZE,MF,0,1,0,0,0,0
745,Ferdi Kadioglu,TUR,DF,0,3,0,0,0,0
745,Lukas Hornicek,CZE,GK,0,0,0,0,0,0
745,Amir Hadziahmetovic,BIH,MF,0,0,0,0,0,0
745,Unai Simon,ESP,GK,0,3,0,0,0,0
745,Lachlan Bayliss,NZL,MF,0,0,0,0,0,0
745,Kai Trewin,AUS,DF,0,1,0,0,0,0
745,Farrukh Sayfiev,UZB,DF,0,2,0,0,0,0
745,Daniel Svensson,SWE,DF,0,0,0,0,0,1
745,Tyler Fletcher,SCO,MF,0,0,0,0,0,0
745,Botirali Ergashev,UZB,GK,0,0,0,0,0,0
745,Paul Izzo,AUS,GK,0,0,0,0,0,0
745,Hugo Sochurek,CZE,MF,0,0,0,0,0,0
745,Dzenis Burnic,BIH,MF,0,0,0,0,0,0
745,Jan Kuchta,CZE,FW,0,0,0,0,0,0
745,Francis De Vries,NZL,DF,0,0,0,0,0,0
745,Aurele Amenda,SUI,DF,0,0,0,0,0,0
745,Sherzod Esanov,UZB,MF,0,0,0,0,0,0
745,Joan Garcia,ESP,GK,0,0,0,0,0,0
745,Jacob Widell Zetterstrom,SWE,GK,0,0,0,0,0,0
745,Milos Degenek,AUS,DF,0,0,0,0,0,0
745,Kosta Barbarouses,NZL,FW,0,0,0,0,0,0
745,Ben Old,NZL,MF,0,1,0,0,0,0
745,Jakhongir Urozov,UZB,DF,0,0,0,0,0,0
745,George Hirst,SCO,FW,0,0,0,0,0,0
745,Akmal Mozgovoy,UZB,MF,0,3,0,0,0,0
745,Alex Paulsen,NZL,GK,0,0,0,0,0,0
745,Herman Johansson,SWE,DF,0,0,0,0,0,0
745,Marc Pubill,ESP,DF,0,0,0,0,0,0
745,Ben Waine,NZL,FW,0,0,0,0,0,0
745,Victor Munoz,ESP,FW,0,0,0,0,0,0
745,Eric Smith,SWE,DF,0,0,0,0,0,0
745,Nando Pijnaker,NZL,DF,0,0,0,0,0,0
745,Scott Mckenna,SCO,DF,0,0,0,0,0,0
745,Cameron Devlin,AUS,MF,0,0,0,0,0,0
745,Callan Elliot,NZL,DF,0,0,0,0,0,0
745,Dominic Hyam,SCO,DF,0,0,0,0,0,0
745,Mathew Ryan,AUS,GK,0,0,0,0,0,0
745,David Doudera,CZE,DF,0,1,0,0,0,0
745,Kristoffer Nordfeldt,SWE,GK,0,0,0,0,0,0
745,Viktor Johansson,SWE,GK,0,0,0,0,0,0
745,Taha Ali,SWE,FW,0,2,0,0,0,0
745,Kaan Ayhan,TUR,MF,0,0,0,0,0,0
745,Samet Akaydin,TUR,DF,0,0,0,0,0,0
745,Jesse Randall,NZL,FW,0,1,0,0,0,0
745,Avazbek Ulmasaliyev,UZB,DF,0,0,0,0,0,0
745,Anthony Elanga,SWE,FW,0,7,0,0,0,1
745,Marvin Keller,SUI,GK,0,0,0,0,0,0
745,Utkir Yusupov,UZB,GK,0,1,0,0,0,0
745,Liam Kelly,SCO,GK,0,0,0,0,0,0
745,Matej Kovar,CZE,GK,0,0,0,0,0,0
745,Ken Sema,SWE,MF,0,1,0,0,0,0
745,Gregor Kobel,SUI,GK,0,3,0,0,0,0
745,Michael Woud,NZL,GK,0,0,0,0,0,0
745,Oston Urunov,UZB,MF,0,0,0,0,0,0
745,Caglar Soyuncu,TUR,DF,0,0,0,0,0,0
745,David Jurasek,CZE,DF,0,0,0,0,0,0
745,Eray Coemert,SUI,DF,0,0,0,0,0,0
745,Max Crocombe,NZL,GK,0,1,0,0,0,0
745,Cameron Burgess,AUS,DF,0,0,0,0,0,0
745,Carl Starfelt,SWE,DF,0,0,0,0,0,0
745,Umar Eshmurodov,UZB,DF,0,0,0,0,0,0
745,John Souttar,SCO,DF,0,0,0,0,0,0
745,Logan Rogerson,NZL,FW,0,0,0,0,0,0
745,Alex Rufer,NZL,MF,0,0,0,0,0,0
745,Mattias Svanberg,SWE,MF,0,1,0,0,0,0
745,Azizbek Amonov,UZB,FW,0,0,0,0,0,0
745,Ross Stewart,SCO,FW,0,0,0,0,0,0
745,Nikola Vasilj,BIH,GK,0,0,0,0,0,0
745,Awer Mabil,AUS,FW,0,1,0,0,0,0
745,Abduvohid Nematov,UZB,GK,0,0,0,0,0,0
745,Jindrich Stanek,CZE,GK,0,0,0,0,0,0
745,Kerem Akturkoglu,TUR,FW,0,2,0,0,0,0
745,Eric Garcia,ESP,DF,0,0,0,0,0,0
745,David Raya,ESP,GK,0,0,0,0,0,0
745,David Zima,CZE,DF,0,0,0,0,0,0
745,Alexandr Sojka,CZE,MF,0,2,0,0,0,0
745,Gustaf Nilsson,SWE,FW,0,0,0,0,0,0
745,Patrick Beach,AUS,GK,0,0,0,0,0,0
745,Denis Visinsky,CZE,FW,0,1,0,0,0,0
745,Jean Michael Seri,CIV,MF,0,0,0,0,0,0
745,Josue Duverger,HAI,GK,0,0,0,0,0,0
745,Carl Sainte,HAI,MF,0,0,0,0,0,0
745,Chadi Riad,MAR,DF,0,1,0,0,0,0
745,Abdul Mumin,GHA,DF,0,0,0,0,0,0
745,Raed Chikhaoui,TUN,DF,0,0,0,0,0,0
745,Yassine Bounou,MAR,GK,0,4,0,0,0,0
745,Ghislain Konan,CIV,DF,0,1,0,0,0,0
745,Amad Diallo,CIV,FW,0,2,0,0,0,1
745,Elye Wahi,CIV,FW,0,0,0,0,0,0
745,Lawrence Ati Zigi,GHA,GK,0,1,0,0,0,0
745,Mamadou Sarr,SEN,DF,0,0,0,0,0,0
745,Tarek Alaa,EGY,DF,0,0,0,0,0,0
745,Emmanuel Agbadou,CIV,DF,0,0,0,0,0,0
745,Ibrahim Adel,EGY,FW,0,0,0,0,0,0
745,Duckens Nazon,HAI,FW,0,1,1,0,0,0
745,Bradley Cross,RSA,DF,0,0,0,0,0,0
745,Benjamin Asare,GHA,GK,0,1,0,0,0,0
745,Mory Diaw,SEN,GK,0,2,0,0,0,0
745,Kelvin Pires,CPV,DF,0,0,0,0,0,0
745,Aymen Dahmen,TUN,GK,0,1,0,0,0,0
745,Gilson Benchimol,CPV,FW,0,1,0,0,0,0
745,Evan Ndicka,CIV,DF,0,0,0,0,0,0
745,Moutaz Neffati,TUN,DF,0,0,0,0,0,0
745,Mohamed Kone,CIV,GK,0,0,0,0,0,0
745,Joel Waterman,CAN,DF,0,0,0,0,0,0
745,Wilguens Paugain,HAI,DF,0,0,0,0,0,0
745,Mohamed Alaa,EGY,GK,0,0,0,0,0,0
745,Christopher Bonsu Baah,GHA,FW,0,0,0,0,0,0
745,Elias Achouri,TUN,FW,0,1,0,0,0,1
745,Joseph Anang,GHA,GK,0,0,0,0,0,0
745,Ibrahim Mbaye,SEN,FW,0,2,0,0,0,0
745,Mahdy Soliman,EGY,GK,0,0,0,0,0,0
745,Alphonso Davies,CAN,DF,0,0,0,0,0,0
745,Sabri Ben Hessen,TUN,GK,0,0,0,0,0,0
745,Alexandre Pierre,HAI,GK,0,0,0,0,0,0
745,Khalil Ayari,TUN,MF,0,0,0,0,0,0
745,Olwethu Makhanya,RSA,DF,0,0,0,0,0,0
745,Mostafa Shoubir,EGY,GK,0,5,1,0,0,0
745,Joao Paulo,CPV,MF,0,4,0,0,0,0
745,Alban Lafont,CIV,GK,0,0,0,0,0,0
745,Ismael Gharbi,TUN,MF,0,2,0,0,0,0
745,Munir El Kajoui,MAR,GK,0,0,0,0,0,0
745,Bamba Dieng,SEN,FW,0,0,0,0,0,0
745,Rayan Elloumi,TUN,FW,0,0,0,0,0,0
745,Johny Placide,HAI,GK,0,0,1,0,0,0
745,Assane Diao,SEN,FW,0,0,0,0,0,0
745,Thabang Matuludi,RSA,DF,0,0,0,0,0,0
745,Odilon Kossounou,CIV,DF,0,1,0,0,0,0
745,Telmo Arcanjo,CPV,MF,0,1,0,0,0,0
745,Ellyes Skhiri,TUN,MF,0,1,0,0,0,0
745,Augustine Boakye,GHA,MF,0,0,0,0,0,0
745,Jayden Adams,RSA,MF,0,0,0,0,0,0
745,Nabil Donga,EGY,MF,0,0,0,0,0,0
745,Simon Adingra,CIV,FW,0,0,0,0,0,0
745,Markhus Lacroix,HAI,DF,0,0,0,0,0,0
745,Lyle Foster,RSA,FW,0,1,0,0,0,0
745,Woodensky Pierre,HAI,MF,0,0,0,0,0,0
745,Owen Goodman,CAN,GK,0,0,0,0,0,0
745,Ahmed Reda Tagnaouti,MAR,GK,0,0,0,0,0,0
745,Bara Sapoko Ndiaye,SEN,MF,0,2,0,0,0,0
745,Baba Rahman,GHA,DF,0,0,0,0,0,0
745,Samir El Mourabet,MAR,MF,0,1,0,0,0,0
745,Cherif Ndiaye,SEN,FW,0,0,0,0,0,0
745,Parfait Guiagon,CIV,MF,0,0,0,0,0,0
745,Oumar Diakite,CIV,FW,0,0,0,0,0,0
745,Edouard Mendy,SEN,GK,0,0,0,0,0,0
745,Anis Slimane,TUN,MF,0,0,0,0,0,2
745,Sipho Chaine,RSA,GK,0,0,0,0,0,0
745,Alfie Jones,CAN,DF,0,0,0,0,0,0
745,Derrick Etienne,HAI,FW,0,0,0,0,0,0
745,Khulumani Ndamane,RSA,DF,0,0,0,0,0,0
745,Mouhib Chamakh,TUN,GK,0,0,0,0,0,0
745,Yehvann Diouf,SEN,GK,0,0,0,0,0,0
745,Dayne St Clair,CAN,GK,0,0,0,0,0,0
745,Garven Metusala,HAI,DF,0,0,0,0,0,0
745,Jonathan Osorio,CAN,MF,0,1,0,0,0,0
745,Adam Arous,TUN,DF,0,0,0,0,0,0
745,Mortadha Ben Ouanes,TUN,DF,0,1,0,0,0,0
745,Antoine Mendy,SEN,DF,0,0,0,0,0,0
745,Jayden Nelson,CAN,FW,0,0,0,0,0,0
745,Yahia Fofana,CIV,GK,0,3,0,0,0,0
745,Youssef Belammari,MAR,DF,0,0,0,0,0,0
745,Ronwen Williams,RSA,GK,0,0,0,0,0,0
745,Kalidou Koulibaly,SEN,DF,0,0,0,0,0,0
745,Samukele Kabini,RSA,DF,0,0,0,0,0,0
745,Ousmane Diomande,CIV,DF,0,0,0,0,0,0
745,Brandon Thomas Asante,GHA,FW,0,1,0,0,0,1
745,Ricardo Goss,RSA,GK,0,0,0,0,0,0
745,Omar Rekik,TUN,DF,0,1,0,0,0,1
745,Mohamed Elshenawy,EGY,GK,0,0,0,0,0,0
745,Laros Duarte,CPV,MF,0,2,0,0,0,0
745,Bazoumana Toure,CIV,FW,0,1,0,0,0,0
745,Chemsdine Talbi,MAR,MF,0,0,0,0,0,0
