Rank,Player,Country,Position,Average Speed (km/h),High Speed Running,Sprints,Total Distance (m)
1,Giovanni Reyna,USA,MF,8.06,315,71,19203.54
2,Alexandr Sojka,CZE,MF,8.04,321,108,19628.07
3,Abdullah Alhamddan,KSA,FW,7.86,170,70,10726.97
4,Jesse Randall,NZL,FW,7.8,113,69,9324.27
5,Mikel Merino,ESP,MF,7.75,442,107,24908.08
6,Benjamin Nygren,SWE,MF,7.73,282,104,18972.62
7,Aleksandar Pavlovic,GER,MF,7.64,597,165,38018.1
8,Jacob Shaffelburg,CAN,MF,7.63,202,106,15826.53
9,Ryan Christie,SCO,MF,7.62,208,53,14260.28
10,Musab Aljuwayr,KSA,MF,7.55,326,85,20967.44
11,Mert Muldur,TUR,DF,7.5,145,57,15133.29
12,Rani Khedira,TUN,MF,7.49,218,49,18577.38
13,Jackson Irvine,AUS,MF,7.47,495,125,31483.15
14,Noor Alrawabdeh,JOR,MF,7.46,635,142,38422
15,Mostafa Zico,EGY,MF,7.41,726,225,49154.47
16,Ryan Thomas,NZL,MF,7.4,216,78,13002.61
17,Paul Okon Engstler,AUS,MF,7.39,365,108,25987.7
18,Mahmoud Almardi,JOR,FW,7.38,328,87,18861.43
19,Pedri,ESP,MF,7.37,847,254,59490.08
20,Sebastian Berhalter,USA,MF,7.36,443,111,28137.58
21,Kenny Mclean,SCO,MF,7.3,188,56,16438.49
22,Timothy Castagne,BEL,DF,7.29,844,335,65175.17
23,Ali Azaizeh,JOR,FW,7.27,129,40,9229.12
24,Soufiane Rahimi,MAR,FW,7.27,317,137,25328.44
25,Ngalayel Mukau,COD,MF,7.25,383,105,26619.43
26,Sarpreet Singh,NZL,MF,7.24,381,118,27406.52
27,Callum Mccowatt,NZL,MF,7.24,334,110,20963.57
28,Ricardo Pepi,USA,FW,7.21,366,148,27870.91
29,Samuel Moutoussamy,COD,MF,7.17,613,169,42992.72
30,Anis Slimane,TUN,MF,7.16,408,123,30657.94
31,Michal Sadilek,CZE,MF,7.16,385,125,24212.55
32,Bruno Guimaraes,BRA,MF,7.16,739,158,54744.12
33,Lewis Ferguson,SCO,MF,7.16,451,119,36575.01
34,Stephen Eustaquio,CAN,MF,7.14,897,210,52496.91
35,Teun Koopmeiners,NED,MF,7.14,228,57,16774.64
36,Nasser Aldawsari,KSA,MF,7.14,499,150,28038.3
37,Michael Olise,FRA,FW,7.13,917,338,73047.22
38,Scott Mctominay,SCO,MF,7.12,483,135,36353.67
39,Tyler Bindon,NZL,DF,7.1,152,48,13159.9
40,Hans Vanaken,BEL,MF,7.1,586,159,42602.58
41,Shahriyar Moghanloo,IRN,FW,7.1,168,47,12254.16
42,Rodri,ESP,MF,7.09,1133,278,83802.33
43,Abdullah Alkhaibari,KSA,MF,7.08,345,76,23607.42
44,Joe Bell,NZL,MF,7.04,472,112,32154.28
45,Ivan Sunjic,BIH,MF,7.03,401,113,26105.55
46,Sebastian Tounekti,TUN,MF,7.03,146,55,11128.49
47,Fabian Ruiz,ESP,MF,7.02,433,98,34605.27
48,Tomas Soucek,CZE,MF,7.02,264,57,17938.82
49,Odeh Fakhoury,JOR,FW,7.01,275,98,18713.27
50,Petar Sucic,CRO,MF,7,548,158,39444.7
51,Mohamed Manai,QAT,FW,6.99,153,43,10166.36
52,Aiden Oneill,AUS,MF,6.97,648,186,47323.13
53,Elliot Stroud,SWE,DF,6.96,251,94,20520.74
54,Laros Duarte,CPV,MF,6.95,252,66,21530.22
55,Nicolas Raskin,BEL,MF,6.95,508,128,44872.33
56,Lukas Provod,CZE,MF,6.94,228,88,16011.22
57,Igor Sergeev,UZB,FW,6.94,79,26,5591.98
58,Lucas Bergvall,SWE,MF,6.93,283,89,23862.93
59,Kai Havertz,GER,FW,6.93,577,202,44897.03
60,Patrick Berg,NOR,MF,6.93,797,263,59224.02
61,Benjamin Tahirovic,BIH,MF,6.92,429,116,30616.63
62,Saman Ghoddos,IRN,MF,6.9,338,99,26206.79
63,Livano Comenencia,CUW,MF,6.88,342,117,28808.06
64,Elijah Just,NZL,MF,6.88,460,178,33430.3
65,Danley Jean Jacques,HAI,MF,6.87,470,138,33149.8
66,Pape Gueye,SEN,MF,6.87,356,114,29411.07
67,Fredrik Aursnes,NOR,MF,6.87,571,173,40597.72
68,Noah Sadiki,COD,MF,6.86,420,141,33931.45
69,Weston Mckennie,USA,MF,6.86,771,236,57573.6
70,Josko Gvardiol,CRO,DF,6.86,238,88,18796.01
71,Marawan Attia,EGY,MF,6.85,829,260,56580.27
72,Ibrahim Maza,ALG,MF,6.85,524,152,44461.44
73,Florian Wirtz,GER,MF,6.85,653,229,46415.88
74,Zidane Iqbal,IRQ,MF,6.85,352,61,24227.99
75,Vitinha,POR,MF,6.85,559,174,46256.34
76,Caleb Yirenkyi,GHA,MF,6.84,460,136,34220.54
77,Mohammad Mohebbi,IRN,MF,6.83,470,170,30775.81
78,Elias Achouri,TUN,FW,6.83,68,40,6477.05
79,Vladimir Coufal,CZE,DF,6.82,443,154,34224.86
80,Carlos Harvey,PAN,DF,6.82,446,118,33573.58
81,Che Adams,SCO,FW,6.82,192,75,17234.99
82,Patrik Schick,CZE,FW,6.81,251,76,22836.75
83,Akmal Mozgovoy,UZB,MF,6.81,361,94,27540.59
84,Joao Neves,POR,MF,6.8,638,197,51136.79
85,Azarias Londono,PAN,FW,6.8,100,41,8536.29
86,Franck Kessie,CIV,MF,6.8,553,184,44144.95
87,Ramin Rezaeian,IRN,DF,6.79,458,170,34994.84
88,Richard Rios,COL,MF,6.79,290,111,19796.25
89,Remo Freuler,SUI,MF,6.79,1001,213,73750.57
90,Joshua Kimmich,GER,DF,6.79,518,157,44638.55
91,Ali Olwan,JOR,FW,6.79,411,138,33572.53
92,Hwang Inbeom,KOR,MF,6.78,372,97,32488.04
93,Wilson Isidor,HAI,FW,6.78,287,110,22699.6
94,Leandro Trossard,BEL,FW,6.77,802,276,63148.76
95,Adam Hlozek,CZE,FW,6.77,251,94,19420.45
96,Fares Chaibi,ALG,MF,6.76,549,177,45534.2
97,Ali Alhamadi,IRQ,FW,6.76,258,112,22671.28
98,Mohammed Abu Alshamat,KSA,DF,6.75,212,87,17130.45
99,Edgar Yoel Barcenas,PAN,MF,6.75,426,101,30790
100,Moteb Alharbi,KSA,DF,6.75,235,107,22511.24
101,Sergino Dest,USA,DF,6.75,464,210,36917.8
102,Cristian Martinez,PAN,MF,6.73,319,147,29553.99
103,Diego Gomez,PAR,MF,6.73,492,179,37311.9
104,Mateo Kovacic,CRO,MF,6.73,354,108,32503.08
105,Otabek Shukurov,UZB,MF,6.72,378,85,29888.17
106,Keito Nakamura,JPN,MF,6.72,497,180,36946.02
107,Romano Schmid,AUT,MF,6.71,439,161,31408.46
108,Elliot Anderson,ENG,MF,6.71,851,240,65814.51
109,Milad Mohammadi,IRN,DF,6.7,299,142,26000.62
110,Ismaila Sarr,SEN,FW,6.69,556,216,46719.89
111,Neil El Aynaoui,MAR,MF,6.69,836,276,70474.7
112,Iqraam Rayners,RSA,FW,6.68,193,108,19309.81
113,Liberato Cacace,NZL,DF,6.67,350,111,26344.8
114,Paik Seungho,KOR,MF,6.66,269,63,23909.61
115,Seol Youngwoo,KOR,DF,6.66,309,155,30578.14
116,Pavel Sulc,CZE,FW,6.65,338,102,22856.82
117,Nicolas Seiwald,AUT,MF,6.65,491,132,39640.15
118,Martin Experience,HAI,DF,6.65,447,187,33997.02
119,Felix Nmecha,GER,MF,6.64,442,141,33325.14
120,Paul Wanner,AUT,MF,6.64,392,115,30227.02
121,Jean Ricner Bellegarde,HAI,MF,6.64,431,112,32370.02
122,Ritsu Doan,JPN,MF,6.63,346,152,32576.29
123,Ibrahim Sangare,CIV,MF,6.63,387,110,33681.96
124,Steven Moreira,CPV,DF,6.63,313,113,33908.12
125,Gustavo Puerta,COL,DF,6.63,742,195,57392.35
126,Ahmed Fathy,QAT,MF,6.63,312,80,18273.99
127,Kwasi Sibo,GHA,MF,6.63,447,96,31122.82
128,Mathias Olivera,URU,DF,6.63,458,126,34595.17
129,Nizar Alrashdan,JOR,MF,6.62,407,103,31944.15
130,Xaver Schlager,AUT,MF,6.62,371,91,28614.03
131,Ellyes Skhiri,TUN,MF,6.61,286,59,29334.81
132,Jonathan David,CAN,FW,6.61,667,256,52214.28
133,Jamal Musiala,GER,MF,6.61,412,140,33546.51
134,Sphephelo Sithole,RSA,MF,6.6,463,119,28152.2
135,Andres Cubas,PAR,MF,6.6,756,205,60748.96
136,Amir Alammari,IRQ,MF,6.6,383,104,30575.01
137,Orkun Kokcu,TUR,MF,6.6,207,67,19220.02
138,Saeid Ezatolahi,IRN,MF,6.6,406,65,32836.4
139,Dani Olmo,ESP,FW,6.59,725,235,49694.66
140,Nabil Bentaleb,ALG,MF,6.59,405,115,33625.87
141,Azzedine Ounahi,MAR,MF,6.59,654,266,53453.19
142,Martin Baturina,CRO,MF,6.58,489,175,37805.67
143,Tajon Buchanan,CAN,FW,6.58,537,213,43975.29
144,Saleem Obaid,JOR,DF,6.56,43,19,4204.95
145,Lamine Camara,SEN,MF,6.56,453,176,31487.71
146,Desire Doue,FRA,FW,6.55,504,228,43220.64
147,Maxim De Cuyper,BEL,DF,6.55,653,234,54016.4
148,Daniel Munoz,COL,DF,6.53,598,221,47613.35
149,Gonzalo Plata,ECU,FW,6.52,494,187,44302.06
150,Marko Stamenic,NZL,MF,6.52,415,133,32898.29
151,Miguel Almiron,PAR,MF,6.51,357,129,33177.48
152,Granit Xhaka,SUI,MF,6.51,1062,210,72775.82
153,Jefferson Lerma,COL,MF,6.51,713,170,49541.65
154,Harry Kane,ENG,FW,6.5,764,233,67846.27
155,Frenkie De Jong,NED,MF,6.5,424,109,38652.6
156,Jose Fajardo,PAN,FW,6.5,236,110,19207.38
157,Rayan Cherki,FRA,MF,6.49,230,83,15003.77
158,Feras Albrikan,KSA,FW,6.49,328,123,28286.37
159,Connor Metcalfe,AUS,MF,6.49,513,175,38524.77
160,Esmir Bajraktarevic,BIH,FW,6.49,318,145,28616.79
161,Daichi Kamada,JPN,MF,6.49,423,128,38789.21
162,Mohanad Lashin,EGY,MF,6.48,538,161,44288.9
163,Emam Ashour,EGY,MF,6.48,522,185,42840.52
164,Riyad Mahrez,ALG,FW,6.48,382,130,31107.72
165,Jordan Ayew,GHA,FW,6.47,416,167,34883.48
166,Mohannad Abutaha,JOR,MF,6.46,423,170,31861.4
167,Alex Freeman,USA,DF,6.46,545,179,47281.6
168,Ferran Torres,ESP,FW,6.46,289,155,28737.7
169,Joao Cancelo,POR,DF,6.46,388,151,36826.9
170,Ladislav Krejci,CZE,DF,6.46,373,81,32407.75
171,Amar Memic,BIH,MF,6.46,306,152,27462.49
172,Malik Tillman,USA,MF,6.45,607,215,44391.65
173,Ehsan Haddad,JOR,DF,6.44,384,118,30918.71
174,Rodrigo Bentancur,URU,MF,6.44,352,145,33644.76
175,Agustin Canobbio,URU,MF,6.44,348,162,28186.33
176,Ismael Gharbi,TUN,MF,6.44,185,65,15753.85
177,Andreas Schjelderup,NOR,MF,6.44,384,137,31621.18
178,Stefan Posch,AUT,DF,6.43,479,164,39797.88
179,Mario Pasalic,CRO,MF,6.43,218,78,16317.24
180,Julian Quinones,MEX,FW,6.43,581,251,47274.89
181,Julio Enciso,PAR,FW,6.43,538,237,46088.56
182,Oscar Bobb,NOR,MF,6.43,334,136,29207.95
183,Baris Alper Yilmaz,TUR,FW,6.43,228,106,21165.94
184,Arda Guler,TUR,FW,6.43,425,120,33635.28
185,Viktor Gyokeres,SWE,FW,6.41,426,177,42857.3
186,Jordan Bos,AUS,DF,6.41,396,223,36920.34
187,Thalente Mbatha,RSA,MF,6.41,446,145,31917.63
188,Manuel Ugarte,URU,MF,6.4,239,72,21107.39
189,Morgan Rogers,ENG,MF,6.4,330,133,24932.61
190,Yasin Ayari,SWE,MF,6.4,434,109,39607.81
191,Bruno Fernandes,POR,MF,6.4,572,219,50225.1
192,Yan Valery,TUN,DF,6.39,296,130,29256.28
193,Oswin Appollis,RSA,FW,6.39,405,182,30714.27
194,Pedro Vite,ECU,MF,6.38,648,177,43374.6
195,Leroy Sane,GER,MF,6.38,477,221,38060.03
196,Ibrahim Bayesh,IRQ,MF,6.37,331,112,27586.07
197,Casemiro,BRA,MF,6.37,449,116,45002.51
198,Ben Old,NZL,MF,6.37,160,74,12151.2
199,Luc De Fougerolles,CAN,DF,6.37,528,174,44379.43
200,Nilson Angulo,ECU,FW,6.36,274,136,25147.24
201,Salem Aldawsari,KSA,FW,6.36,400,160,29452.07
202,Piero Hincapie,ECU,DF,6.35,420,192,39830.97
203,Juan Manuel Sanabria,URU,MF,6.35,320,129,25094.45
204,Kerim Alajbegovic,BIH,FW,6.35,365,130,32990.98
205,Roberto Alvarado,MEX,FW,6.34,567,185,50296.79
206,Jude Bellingham,ENG,MF,6.34,778,328,60482.91
207,Nicolas De La Cruz,URU,MF,6.33,174,65,12114.61
208,Bukayo Saka,ENG,FW,6.32,399,159,31941.59
209,Abbosbek Fayzullaev,UZB,MF,6.32,341,141,25301.81
210,Mohamed Salah,EGY,FW,6.32,493,201,49162.03
211,Brandon Mechele,BEL,DF,6.31,806,227,68409.01
212,Samir El Mourabet,MAR,MF,6.31,216,85,14604.02
213,Brian Rodriguez,URU,FW,6.31,90,35,6497.61
214,Angelo Preciado,ECU,DF,6.31,144,61,14040.86
215,Nathan Patterson,SCO,DF,6.3,203,86,21036.01
216,Kevin Rodriguez,ECU,FW,6.3,187,89,15137.76
217,Ahmed Qasem,IRQ,FW,6.29,215,78,15459.21
218,Joris Kayembe,COD,DF,6.28,88,34,7372.37
219,Ayase Ueda,JPN,FW,6.28,385,141,36607.93
220,Jules Kounde,FRA,DF,6.28,819,313,68972.38
221,Alistair Johnston,CAN,DF,6.28,683,264,53458.13
222,Yukinari Sugawara,JPN,DF,6.28,195,72,18767.61
223,Rafik Belghali,ALG,DF,6.27,480,170,38083.65
224,Guillermo Varela,URU,DF,6.27,352,149,32750.8
225,Hwang Heechan,KOR,MF,6.27,144,62,12925.63
226,Hannibal Mejbri,TUN,MF,6.27,368,102,31221.09
227,Amir Murillo,PAN,DF,6.27,332,156,31781.32
228,Ousmane Dembele,FRA,FW,6.27,750,248,62299.01
229,Deroy Duarte,CPV,MF,6.26,323,73,31052.7
230,Oh Hyeongyu,KOR,FW,6.26,158,64,15016.21
231,Marc Cucurella,ESP,DF,6.25,774,304,74687.76
232,Julian Alvarez,ARG,FW,6.24,548,236,48685.72
233,Moises Caicedo,ECU,MF,6.23,505,134,42353.4
234,Sherzod Nasrullaev,UZB,DF,6.23,232,95,21551.92
235,Mehdi Taremi,IRN,FW,6.23,345,156,30405.34
236,Lee Hanbeom,KOR,DF,6.23,365,107,31151.94
237,Ange Yoan Bonny,CIV,FW,6.23,314,113,26951.82
238,Tim Payne,NZL,DF,6.23,309,105,25040.85
239,Douglas Santos,BRA,DF,6.22,642,220,52462.91
240,Djed Spence,ENG,DF,6.22,255,127,27817.63
241,Ruben Vargas,SUI,FW,6.22,373,170,31605.36
242,Merchas Doski,IRQ,DF,6.21,307,128,31441.23
243,Alexis Mac Allister,ARG,MF,6.21,729,176,64741.99
244,Dan Ndoye,SUI,FW,6.21,509,248,44247.46
245,Evidence Makgopa,RSA,FW,6.21,319,106,25410.78
246,Abdul Fatawu,GHA,FW,6.21,211,93,16816.62
247,Edmilson Junior,QAT,FW,6.21,290,97,23874.51
248,Gabriel Gudmundsson,SWE,DF,6.21,340,137,36816.96
249,Nico Oreilly,ENG,DF,6.21,561,225,52466.89
250,Konrad Laimer,AUT,MF,6.21,442,194,42644.73
251,Ryan Mendes,CPV,FW,6.2,468,170,37830.2
252,Matheus Cunha,BRA,FW,6.2,417,134,33491.79
253,Firas Chaouat,TUN,FW,6.2,83,35,6946.94
254,Jose Luis Rodriguez,PAN,MF,6.2,305,109,25899.78
255,Guela Doue,CIV,DF,6.19,353,132,31331.08
256,Josip Stanisic,CRO,DF,6.19,418,196,42580.9
257,Ben Gannon Doak,SCO,FW,6.19,200,96,20888.71
258,Gustaf Lagerbielke,SWE,DF,6.18,436,119,41310.47
259,Lee Gihyuk,KOR,MF,6.18,388,125,30898.48
260,Jamiro Monteiro,CPV,MF,6.17,339,109,32481.15
261,Amine Gouiri,ALG,FW,6.17,355,131,27787.87
262,Juninho Bacuna,CUW,MF,6.17,305,142,28744.95
263,Nikola Katic,BIH,DF,6.17,419,139,36234.39
264,Jesus Gallardo,MEX,DF,6.16,395,136,43286.39
265,Crysencio Summerville,NED,FW,6.16,285,131,28089.07
266,John Mcginn,SCO,MF,6.15,331,98,28477.11
267,Lautaro Martinez,ARG,FW,6.15,350,141,35736.83
268,Teboho Mokoena,RSA,MF,6.15,423,121,30982.52
269,Amad Diallo,CIV,FW,6.15,270,104,21888.37
270,Jassem Gaber,QAT,DF,6.14,232,55,17053.08
271,Son Heungmin,KOR,FW,6.14,169,96,18757.38
272,Tahith Chong,CUW,MF,6.14,293,107,27318.08
273,Ali Nemati,IRN,DF,6.14,369,108,31613.92
274,Ali Abdi,TUN,DF,6.13,343,150,29932.97
275,Nicolas Jackson,SEN,FW,6.12,304,154,28133.46
276,Tani Oluwaseyi,CAN,FW,6.11,350,172,29357.02
277,Bilal El Khannouss,MAR,MF,6.11,554,226,50933.34
278,Chris Wood,NZL,FW,6.11,333,144,31195.3
279,Bradley Barcola,FRA,FW,6.1,290,144,37824.34
280,Alan Franco,ECU,MF,6.1,307,134,27468.83
281,Jonathan Tah,GER,DF,6.1,392,119,42610.17
282,Pau Cubarsi,ESP,DF,6.1,698,230,72869.34
283,Darwin Nunez,URU,FW,6.09,190,93,19040.35
284,Ermedin Demirovic,BIH,FW,6.09,375,176,40423.23
285,Sead Kolasinac,BIH,DF,6.09,339,142,38026.39
286,Alessandro Circati,AUS,DF,6.09,424,142,44568.44
287,Ruben Providence,HAI,FW,6.09,312,115,24005.38
288,Luka Modric,CRO,MF,6.08,401,122,36541.56
289,Antonio Nusa,NOR,FW,6.08,411,176,35679.45
290,Abdulkerim Bardakci,TUR,DF,6.08,258,93,30419.01
291,Jose Cordoba,PAN,DF,6.07,315,114,30753.8
292,Yoane Wissa,COD,FW,6.07,384,140,41481.27
293,Kevin Pina,CPV,MF,6.07,388,116,39576.48
294,Carlens Arcus,HAI,DF,6.07,247,86,18006.56
295,Mousa Altamari,JOR,FW,6.07,243,120,23119.95
296,Aaron Wan Bissaka,COD,DF,6.07,460,194,40401.23
297,Christ Inao Oulai,CIV,MF,6.06,261,70,24246.36
298,Pathe Ciss,SEN,MF,6.06,190,63,21513.7
299,Denzel Dumfries,NED,DF,6.05,470,183,43452.06
300,Finn Surman,NZL,DF,6.05,310,103,30931.08
301,Nicolas Pepe,CIV,FW,6.05,289,154,25237.91
302,Josue Casimir,HAI,FW,6.05,246,113,20980.8
303,Kenan Yildiz,TUR,FW,6.05,236,78,25197.64
304,Luis Diaz,COL,FW,6.05,510,248,52994.8
305,Fabian Rieder,SUI,MF,6.04,566,179,38929.3
306,Ivan Perisic,CRO,FW,6.04,452,183,41581.7
307,Damian Bobadilla,PAR,MF,6.04,336,98,25835.61
308,Assim Madibo,QAT,MF,6.04,208,30,14695.95
309,Marcel Sabitzer,AUT,MF,6.03,488,233,41363.96
310,Deniz Undav,GER,FW,6.03,205,59,17404.37
311,Montassar Talbi,TUN,DF,6.02,275,77,29945.79
312,Sadio Mane,SEN,FW,6.02,435,204,42224.81
313,Andres Andrade,PAN,DF,6,322,117,30384.6
314,Ryan Gravenberch,NED,MF,5.99,443,129,37432.87
315,Juan Jose Caceres,PAR,DF,5.99,521,193,48658.8
316,Nuno Da Costa,CPV,MF,5.99,185,86,18105.97
317,Frantzdy Pierrot,HAI,FW,5.98,210,61,17982.57
318,Dayot Upamecano,FRA,DF,5.98,549,208,68521.18
319,Cody Gakpo,NED,FW,5.98,418,177,39227
320,Jack Hendry,SCO,DF,5.98,349,123,30532.32
321,Lenny Joseph,HAI,FW,5.97,120,60,12922.53
322,Mohamed Kanno,KSA,MF,5.97,287,88,25496.47
323,Sherel Floranus,CUW,DF,5.97,320,116,29893.73
324,Kim Minjae,KOR,DF,5.97,264,91,26815.14
325,Maxi Araujo,URU,MF,5.96,308,129,27642.83
326,Aubrey Modiba,RSA,DF,5.96,442,154,37864.78
327,Eldor Shomurodov,UZB,FW,5.96,274,149,30198.42
328,Josip Sutalo,CRO,DF,5.96,410,118,40954.87
329,Junior Alonso,PAR,DF,5.96,457,123,43140.24
330,Mohamed Amine Ben Hmida,TUN,DF,5.95,167,70,22028.58
331,James Rodriguez,COL,MF,5.95,357,56,33663.08
332,Bernardo Silva,POR,MF,5.94,253,79,16062.63
333,Marc Guehi,ENG,DF,5.94,504,144,52622.08
334,Anthony Elanga,SWE,FW,5.94,211,118,24265.7
335,Jhon Arias,COL,MF,5.93,410,159,40007.46
336,Krepin Diatta,SEN,DF,5.93,467,164,45457.47
337,Saud Abdulhamid,KSA,DF,5.93,324,150,29778.02
338,Pedro Neto,POR,FW,5.93,368,208,37581.23
339,David Alaba,AUT,DF,5.93,297,70,29617.98
340,Jan Paul Van Hecke,NED,DF,5.92,374,114,42651.39
341,Tarik Muharemovic,BIH,DF,5.92,279,78,28776.65
342,Andy Robertson,SCO,DF,5.92,246,107,25387.97
343,Gervane Kastaneer,CUW,FW,5.92,44,21,4460.43
344,Louicius Deedson,HAI,FW,5.91,145,67,13276.69
345,Mikel Oyarzabal,ESP,FW,5.91,659,285,58923.14
346,Ime Okon,RSA,DF,5.9,460,183,39562.72
347,Rayan Ait Nouri,ALG,DF,5.89,355,157,32073.2
348,Achraf Hakimi,MAR,DF,5.89,624,296,63750.68
349,Deveron Fonville,CUW,DF,5.89,239,132,25516.75
350,Leandro Bacuna,CUW,MF,5.88,315,88,29455.81
351,Brahim Diaz,MAR,FW,5.88,524,225,49004.01
352,Junya Ito,JPN,MF,5.88,233,108,24421.93
353,Diney Borges,CPV,DF,5.88,395,111,43337.98
354,Harry Souttar,AUS,DF,5.87,370,82,43035.91
355,Antonio Ruediger,GER,DF,5.87,258,72,28802.14
356,Hannes Delcroix,HAI,DF,5.87,298,89,30006.24
357,Homam Ahmed,QAT,DF,5.86,157,57,13626.23
358,Odilon Kossounou,CIV,DF,5.86,287,79,29901.79
359,Martin Odegaard,NOR,MF,5.86,878,302,62928.93
360,Thiago Almada,ARG,FW,5.86,362,137,31810.05
361,Robin Hranac,CZE,DF,5.86,311,94,29418.45
362,Gabriel Magalhaes,BRA,DF,5.86,500,122,50836.58
363,Hiroki Ito,JPN,DF,5.85,358,119,39533.62
364,Aymeric Laporte,ESP,DF,5.84,610,183,69378.47
365,Khuliso Mudau,RSA,DF,5.83,399,189,39120.48
366,Ricardo Rodriguez,SUI,DF,5.83,541,200,55242.44
367,Ramy Rabia,EGY,DF,5.82,435,128,40932.16
368,Sebastian Caceres,URU,DF,5.81,303,98,30359.66
369,Idrissa Gana Gueye,SEN,MF,5.81,449,140,39822.15
370,Richie Laryea,CAN,DF,5.81,464,231,46053.79
371,Ali Lajami,KSA,DF,5.8,145,54,16522.11
372,Arthur Masuaku,COD,DF,5.79,343,114,32800.85
373,Yasser Ibrahim,EGY,DF,5.79,514,181,51489.36
374,Danilo Santos,BRA,MF,5.79,115,43,8458.78
375,Sidny Lopes Cabral,CPV,DF,5.79,257,117,30954.32
376,Federico Valverde,URU,MF,5.78,228,99,25916.6
377,Antoine Semenyo,GHA,MF,5.78,285,167,39933.84
378,Renato Veiga,POR,DF,5.77,498,145,49867.82
379,Marvin Senaya,GHA,DF,5.77,285,171,31108.53
380,Chemsdine Talbi,MAR,MF,5.75,280,128,23817.14
381,Youri Tielemans,BEL,MF,5.75,862,256,61812.67
382,John Yeboah,ECU,FW,5.74,395,169,31500.85
383,Gideon Mensah,GHA,DF,5.74,365,158,39697.98
384,Federico Vinas,URU,FW,5.73,195,102,20225.71
385,Omar Marmoush,EGY,FW,5.73,321,165,35476.36
386,Relebohile Mofokeng,RSA,FW,5.73,341,100,23444.92
387,Rafael Leao,POR,FW,5.73,188,75,18513.49
388,Victor Lindelof,SWE,DF,5.72,315,101,37262.4
389,Brian Brobbey,NED,FW,5.72,226,77,22528.72
390,Enner Valencia,ECU,FW,5.71,233,108,29489.89
391,Mohamed Hany,EGY,DF,5.71,516,201,52140.55
392,Juergen Locadia,CUW,FW,5.71,227,92,23793.05
393,Yan Diomande,CIV,FW,5.71,370,178,34347.31
394,Ezri Konsa,ENG,DF,5.7,549,160,57635.86
395,Sander Berge,NOR,MF,5.69,770,192,63083.25
396,Lee Kangin,KOR,MF,5.68,264,69,28433.53
397,Marquinhos,BRA,DF,5.68,453,141,49331.59
398,Vinicius Junior,BRA,FW,5.68,514,253,47848.57
399,Danilo,BRA,DF,5.68,495,217,44689.09
400,Abdulelah Alamri,KSA,DF,5.67,252,89,25207.74
401,Kevin De Bruyne,BEL,MF,5.67,573,204,46612.9
402,Nico Elvedi,SUI,DF,5.66,611,199,63204.39
403,Nestory Irankunda,AUS,FW,5.66,263,129,27279
404,Pico Lopes,CPV,DF,5.66,366,99,41751.06
405,Ricardo Ade,HAI,DF,5.64,310,95,28826.94
406,Aissa Mandi,ALG,DF,5.62,331,81,37858.06
407,Lamine Yamal,ESP,FW,5.62,451,212,51455.21
408,Abdallah Nasib,JOR,DF,5.62,269,86,26869.89
409,Christian Pulisic,USA,FW,5.62,380,137,29436.84
410,Hassan Altambakti,KSA,DF,5.62,252,67,22701.97
411,Rustam Ashurmatov,UZB,DF,5.62,288,80,27011.42
412,Issa Laye,QAT,DF,5.61,338,88,29038.33
413,Findlay Curtis,SCO,FW,5.61,35,16,2919.32
414,Zizo,EGY,FW,5.61,101,50,9317.48
415,Manuel Akanji,SUI,DF,5.6,631,187,62661.14
416,Adrien Rabiot,FRA,MF,5.59,696,214,60628.85
417,Shoja Khalilzadeh,IRN,DF,5.59,255,78,28814.55
418,Michael Boxall,NZL,DF,5.59,181,75,22180.78
419,Axel Tuanzebe,COD,DF,5.59,311,128,38203.61
420,Ramiz Zerrouki,ALG,MF,5.59,201,54,15442.6
421,Ayyoub Bouaddi,MAR,MF,5.57,586,166,47487.66
422,Moussa Niakhate,SEN,DF,5.57,386,119,42611.78
423,Breel Embolo,SUI,FW,5.56,468,235,49484.27
424,Akam Hashim,IRQ,DF,5.56,270,79,28097.87
425,Ibrahim Mbaye,SEN,FW,5.55,191,104,18570.21
426,Silvan Widmer,SUI,DF,5.55,290,97,22662.91
427,Hicham Boudaoui,ALG,MF,5.55,248,79,17473.1
428,Ismael Saibari,MAR,MF,5.54,615,315,45216.86
429,Trezeguet,EGY,FW,5.53,331,136,23437.67
430,Luis Romo,MEX,MF,5.53,483,143,32815.01
431,Alex Baena,ESP,MF,5.51,544,230,47445.55
432,Alexander Isak,SWE,FW,5.5,346,155,35655.02
433,Yazan Alarab,JOR,DF,5.49,258,78,28270.79
434,Kevin Danso,AUT,DF,5.48,266,95,25685.71
435,Romelu Lukaku,BEL,FW,5.47,227,79,23691.79
436,Declan Rice,ENG,MF,5.46,532,170,47405.89
437,Enzo Fernandez,ARG,MF,5.44,753,248,60303.56
438,Marco Pasalic,CRO,FW,5.44,142,82,12958.46
439,Andrej Kramaric,CRO,FW,5.44,163,50,10055.36
440,Marko Arnautovic,AUT,FW,5.44,156,57,15762.88
441,Daniel Svensson,SWE,DF,5.41,149,63,13088.54
442,Chancel Mbemba,COD,DF,5.4,347,135,36904.51
443,Memphis Depay,NED,FW,5.39,137,50,8184.41
444,Alexander Sorloth,NOR,FW,5.38,483,187,38789.92
445,Mohammad Abuzraiq,JOR,FW,5.37,24,15,1643.16
446,Abdukodir Khusanov,UZB,DF,5.37,218,93,27912.88
447,Davinson Sanchez,COL,DF,5.36,441,145,48497.14
448,Daizen Maeda,JPN,MF,5.36,432,239,32326.01
449,Gustavo Velazquez,PAR,DF,5.35,197,66,25381.16
450,Gabriel Avalos,PAR,FW,5.35,185,69,18764.8
451,Luis Suarez,COL,FW,5.34,267,155,32718.6
452,Erik Lira,MEX,MF,5.34,497,137,43502.52
453,Edo Kayembe,COD,MF,5.34,297,86,20579.44
454,Ermin Mahmic,BIH,MF,5.34,155,57,10657.09
455,Armando Obispo,CUW,DF,5.34,189,65,26713.78
456,Nathanael Mbuku,COD,MF,5.33,243,74,18838.49
457,Matias Galarza,PAR,MF,5.32,560,237,48496.58
458,Hamza Abdelkarim,EGY,FW,5.32,120,56,9335.75
459,Charles De Ketelaere,BEL,FW,5.32,426,217,40926.71
460,Gustavo Gomez,PAR,DF,5.32,342,109,49082.71
461,Mbekezeli Mbokazi,RSA,DF,5.31,336,138,35585.09
462,Virgil Van Dijk,NED,DF,5.3,292,100,38197.13
463,Ramy Bensebaini,ALG,DF,5.3,301,122,35700.14
464,Noussair Mazraoui,MAR,DF,5.3,396,146,48034.34
465,Cesar Montes,MEX,DF,5.3,267,84,31113.19
466,Themba Zwane,RSA,MF,5.29,35,10,2021.04
467,Jayden Adams,RSA,MF,5.27,181,57,14495.71
468,Antonee Robinson,USA,DF,5.27,556,206,43815.48
469,Kylian Mbappe,FRA,FW,5.26,459,223,58439.2
470,Jorge Sanchez,MEX,DF,5.26,485,223,42619.96
471,Juan Quintero,COL,MF,5.25,185,45,15790.25
472,Ali Ahmed,CAN,FW,5.24,341,172,27940.35
473,Nuno Mendes,POR,DF,5.23,382,160,39049.58
474,Dailon Livramento,CPV,FW,5.22,237,100,23067.28
475,Jeremy Doku,BEL,FW,5.22,443,172,35176.6
476,Kim Jingyu,KOR,MF,5.21,99,26,7803.84
477,Willian Pacho,ECU,DF,5.2,284,119,35347.02
478,Akram Afif,QAT,FW,5.2,194,104,23536.07
479,Mauricio,PAR,MF,5.19,321,110,22291.21
480,Francisco Conceicao,POR,FW,5.18,201,87,17531.95
481,Iliman Ndiaye,SEN,FW,5.17,188,74,14673.13
482,Lucas Paqueta,BRA,MF,5.17,335,123,27561.36
483,Gilberto Mora,MEX,MF,5.16,370,125,25800.25
484,Cristian Volpato,AUS,FW,5.16,322,94,20702.13
485,Israel Reyes,MEX,DF,5.16,272,65,24823.63
486,Leandro Paredes,ARG,MF,5.15,405,95,39050.89
487,Brian Gutierrez,MEX,MF,5.15,334,112,24453.57
488,Willy Semedo,CPV,MF,5.15,207,90,17802.43
489,Nikola Vlasic,CRO,MF,5.15,263,96,22011.41
490,Jaouen Hadjam,ALG,DF,5.14,158,77,13663.53
491,Torbjorn Heggem,NOR,DF,5.14,475,141,51748.22
492,Zaid Ismael,IRQ,MF,5.13,243,58,16240.49
493,Pedro Miguel,QAT,DF,5.13,229,76,26501.54
494,Gabriel Martinelli,BRA,FW,5.11,216,87,18477.89
495,Kaishu Sano,JPN,MF,5.11,411,114,34501.68
496,Ismail Jakobs,SEN,DF,5.11,384,141,29465.19
497,Nicolas Tagliafico,ARG,DF,5.1,353,120,31800.43
498,David Moller Wolfe,NOR,DF,5.1,520,216,48590.19
499,Ala Alhajji,KSA,MF,5.08,98,33,5355.08
500,Elisha Owusu,GHA,MF,5.07,262,74,18829.07
501,Cristiano Ronaldo,POR,FW,5.07,330,153,41504.05
502,Tyler Adams,USA,MF,5.07,566,175,41838.77
503,Leon Goretzka,GER,MF,5.06,140,49,12494.96
504,Aziz Behich,AUS,DF,5.04,341,105,26853.33
505,Houssem Aouar,ALG,MF,5.03,253,83,21136.93
506,Nelson Semedo,POR,DF,5.02,196,79,16630.4
507,Alexis Saelemaekers,BEL,MF,5.01,141,64,12229.42
508,Ruben Dias,POR,DF,5,429,110,43585.96
509,Nico Gonzalez,ARG,MF,5,225,103,23733.97
510,Bazoumana Toure,CIV,FW,4.99,131,53,10594.52
511,Ante Budimir,CRO,FW,4.99,180,94,18722.29
512,Elias Saad,TUN,FW,4.99,199,86,15480.51
513,Ernest Nuamah,GHA,FW,4.98,148,60,12051.38
514,Tijjani Reijnders,NED,MF,4.97,286,95,23300.38
515,Rodrigo De Paul,ARG,MF,4.97,430,219,43341.18
516,Nahuel Molina,ARG,DF,4.96,435,187,43344.29
517,Hamdy Fathy,EGY,MF,4.96,328,96,27077.98
518,Anthony Gordon,ENG,FW,4.96,384,189,36323.52
519,Kristoffer Ajer,NOR,DF,4.95,480,150,54843.56
520,Rayan,BRA,FW,4.95,395,135,33427.25
521,Nathaniel Brown,GER,DF,4.93,354,129,34794.69
522,Carney Chukwuemeka,AUT,MF,4.93,160,58,11569.81
523,Francis De Vries,NZL,DF,4.92,56,24,3921.77
524,Habib Diarra,SEN,MF,4.92,221,92,18234.36
525,Boualem Khoukhi,QAT,DF,4.92,226,62,25410.03
526,Nico Williams,ESP,FW,4.91,127,80,10656.13
527,Chris Richards,USA,DF,4.91,486,97,42886.99
528,Anis Hadj Moussa,ALG,FW,4.9,151,60,12312.89
529,Anthony Ralston,SCO,DF,4.9,35,13,2807.5
530,Johan Vasquez,MEX,DF,4.88,449,132,41955.37
531,Noni Madueke,ENG,FW,4.88,335,147,30578.18
532,Jhon Lucumi,COL,DF,4.87,350,115,43823.06
533,Ivan Basic,BIH,MF,4.87,270,63,22053.62
534,Jose Canale,PAR,DF,4.87,123,37,17328.15
535,Michel Aebischer,SUI,MF,4.86,321,117,21047.55
536,Santiago Gimenez,MEX,FW,4.86,140,40,11184.38
537,Alexander Bernhardsson,SWE,DF,4.85,268,90,25109.78
538,Jeremy Antonisse,CUW,FW,4.85,145,55,10361.23
539,Lyndon Dykes,SCO,FW,4.83,78,34,5899.41
540,Amirhossein Hosseinzadeh,IRN,FW,4.82,47,17,3200.06
541,Eric Davis,PAN,DF,4.82,30,18,1809.13
542,Sasa Kalajdzic,AUT,FW,4.82,137,62,9643.92
543,Helio Varela,CPV,MF,4.81,179,68,13847.35
544,Takehiro Tomiyasu,JPN,DF,4.81,202,53,21029.22
545,Edson Alvarez,MEX,DF,4.8,342,104,28527.89
546,Folarin Balogun,USA,FW,4.78,329,183,34951.64
547,Thapelo Maseko,RSA,FW,4.77,299,159,27093.85
548,El Hadji Malick Diouf,SEN,DF,4.77,268,97,21779.39
549,Mohamed Toure,AUS,FW,4.76,217,79,19508.03
550,Hassan Alhaydos,QAT,FW,4.75,147,43,8290.41
551,Leo Ostigard,NOR,DF,4.75,165,45,18419.78
552,Nathan Ngoy,BEL,DF,4.75,353,112,37462.64
553,Koki Ogawa,JPN,FW,4.72,78,29,5939.74
554,Nicolas Otamendi,ARG,DF,4.72,205,46,17382.7
555,Alvaro Fidalgo,MEX,MF,4.72,232,87,15056.33
556,William Saliba,FRA,DF,4.71,407,157,49524.88
557,Johan Mojica,COL,DF,4.7,474,198,43296.39
558,Park Jinseob,KOR,DF,4.68,64,13,4973.55
559,Zeki Amdouni,SUI,FW,4.68,125,40,11529.29
560,Ismael Diaz,PAN,MF,4.67,83,37,6159.12
561,Endrick,BRA,FW,4.67,103,57,13958.58
562,Salih Ozcan,TUR,MF,4.65,168,60,13200.62
563,Eom Jisung,KOR,MF,4.64,72,36,6234.99
564,Igor Matanovic,CRO,FW,4.63,164,73,12766.79
565,Lee Jaesung,KOR,MF,4.63,205,85,14542.7
566,Yusuf Abdurisag,QAT,FW,4.62,176,66,12292.36
567,Erling Haaland,NOR,FW,4.61,375,172,49468.92
568,Jordy Caicedo,ECU,FW,4.6,44,22,4108.67
569,Cedric Bakambu,COD,FW,4.6,256,117,21517.52
570,Manu Kone,FRA,MF,4.6,590,110,45337.05
571,Hakan Calhanoglu,TUR,MF,4.59,319,72,24004.04
572,Karim Boudiaf,QAT,MF,4.59,205,30,13129.49
573,Lawrence Shankland,SCO,FW,4.59,258,70,21051.5
574,Jonas Adjetey,GHA,DF,4.59,260,87,26258.63
575,Derek Cornelius,CAN,DF,4.58,368,106,33569.61
576,Marcus Rashford,ENG,FW,4.57,232,117,22644.71
577,Djibril Sow,SUI,MF,4.57,421,147,31183.47
578,Ao Tanaka,JPN,MF,4.57,285,67,23492.09
579,Edin Dzeko,BIH,FW,4.56,201,57,19815.85
580,Odiljon Xamrobekov,UZB,MF,4.55,161,39,10324.03
581,Lionel Messi,ARG,FW,4.55,379,156,46140.01
582,Marko Farji,IRQ,FW,4.55,96,30,6975.47
583,Jearl Margaritha,CUW,FW,4.54,62,36,5685.6
584,Thomas Partey,GHA,MF,4.54,359,77,31028.86
585,Niko Sigur,CAN,DF,4.53,265,75,17924.01
586,Oston Urunov,UZB,MF,4.52,92,35,8454.44
587,Prince Adu,GHA,FW,4.51,70,31,6266.52
588,Elye Wahi,CIV,FW,4.51,154,63,13009.5
589,Nathan Ake,NED,DF,4.51,136,49,18580.35
590,Issa Diop,MAR,DF,4.5,413,102,48036.09
591,Cyle Larin,CAN,FW,4.5,216,96,20615.07
592,Azizjon Ganiev,UZB,MF,4.49,216,96,15858.11
593,Tomas Chory,CZE,FW,4.49,55,28,4558.03
594,Dostonbek Khamdamov,UZB,MF,4.48,184,63,13625.49
595,Mohamed Hadj Mahmoud,TUN,MF,4.46,67,36,5920.56
596,Ali Jasim,IRQ,FW,4.46,252,92,15703.59
597,Eren Elmali,TUR,DF,4.45,135,60,14528.21
598,Michael Gregoritsch,AUT,FW,4.45,213,86,20132.08
599,Amar Dedic,BIH,DF,4.44,356,141,30604.3
600,Lee Taeseok,KOR,DF,4.44,151,68,13302.6
601,Promise David,CAN,FW,4.43,79,41,9794.61
602,Ismail Yuksek,TUR,MF,4.43,156,43,16925.98
603,Raul Jimenez,MEX,FW,4.43,295,141,32083.35
604,Lucas Digne,FRA,DF,4.42,509,187,47379.47
605,Ehsan Hajisafi,IRN,DF,4.41,134,48,11464.24
606,Gonzalo Montiel,ARG,DF,4.41,218,61,16402.97
607,Zeki Celik,TUR,DF,4.4,224,87,19112.83
608,Johan Manzambi,SUI,MF,4.4,345,113,24380.51
609,Can Uzun,TUR,FW,4.39,92,27,6108.16
610,Ghislain Konan,CIV,DF,4.39,323,120,29623.54
611,Dominique Simon,HAI,MF,4.37,150,36,7878.3
612,Alireza Jahanbakhsh,IRN,MF,4.37,84,30,6517.05
613,Ferdi Kadioglu,TUR,DF,4.36,218,101,19552.43
614,Tim Ream,USA,DF,4.36,432,109,38063.62
615,Omar Alderete,PAR,DF,4.35,271,94,33031.77
616,Lisandro Martinez,ARG,DF,4.35,380,127,51232
617,Marcus Holmgren Pedersen,NOR,DF,4.34,322,137,29767.17
618,Donyell Malen,NED,FW,4.34,178,81,18907.07
619,Julian Ryerson,NOR,FW,4.34,285,91,26275.25
620,Jaroslav Zeleny,CZE,DF,4.33,162,69,15481.55
621,Isak Hien,SWE,DF,4.32,173,69,22458.49
622,Nawaf Bu Washl,KSA,DF,4.31,105,56,10603.72
623,Amadou Onana,BEL,MF,4.31,146,44,13465.81
624,Ahmed Alaaeldin,QAT,FW,4.31,70,30,6052.91
625,Pedro Porro,ESP,DF,4.29,517,240,50034.98
626,Deniz Gul,TUR,FW,4.28,43,22,5152.77
627,Kieran Tierney,SCO,DF,4.26,119,65,12307
628,Lukas Cerv,CZE,MF,4.24,204,53,18226.25
629,Cho Guesung,KOR,FW,4.22,37,22,4408.36
630,Obed Vargas,MEX,MF,4.22,181,47,10044.8
631,Micky Van De Ven,NED,DF,4.22,245,92,27342.03
632,Eberechi Eze,ENG,MF,4.21,206,73,16888.28
633,Jerome Opoku,GHA,DF,4.21,230,74,29365.82
634,Kerem Akturkoglu,TUR,FW,4.21,147,73,15234.03
635,Sultan Albrake,QAT,DF,4.19,215,70,17683.33
636,Marin Pongracic,CRO,DF,4.19,280,102,28983.18
637,Jakhongir Urozov,UZB,DF,4.19,125,39,11462.91
638,Hussein Ali,IRQ,DF,4.18,179,71,18211.32
639,Joel Ordonez,ECU,DF,4.18,227,82,23576.79
640,Khojiakbar Alijonov,UZB,DF,4.17,228,87,16085.82
641,Husam Abudahab,JOR,DF,4.16,206,75,19848.59
642,Emmanuel Agbadou,CIV,DF,4.16,250,72,28516.79
643,Shogo Taniguchi,JPN,DF,4.15,189,56,24756.98
644,Karim Hafez,EGY,DF,4.13,252,76,20427.22
645,Cristian Romero,ARG,DF,4.13,263,72,41848.49
646,Zaid Tahseen,IRQ,DF,4.12,179,49,16808.01
647,Nathan Saliba,CAN,MF,4.12,386,122,23647.54
648,Jean Kevin Duverne,HAI,DF,4.12,209,82,19174.4
649,Tomas Holes,CZE,DF,4.11,203,58,17483.14
650,Yunus Akgun,TUR,FW,4.11,101,52,10803.37
651,Tomas Rodriguez,PAN,FW,4.09,75,32,6034
652,Omar Rekik,TUN,DF,4.08,199,66,20477.26
653,Behruzjon Karimov,UZB,DF,4.08,233,107,20671.11
654,Merih Demiral,TUR,DF,4.05,153,57,21211.19
655,Jaminton Campaz,COL,FW,4.05,143,67,10645.86
656,Denis Zakaria,SUI,MF,4.05,393,168,39537.36
657,Jiovany Ramos,PAN,DF,3.98,205,63,18498.83
658,Aymen Hussein,IRQ,FW,3.97,126,54,12557.87
659,Facundo Medina,ARG,DF,3.96,330,104,29270.89
660,Joshua Brenet,CUW,DF,3.96,191,97,19154.29
661,Chadi Riad,MAR,DF,3.94,393,99,38595.32
662,Hossein Kanani,IRN,DF,3.94,123,27,14749.2
663,Joao Felix,POR,FW,3.94,276,94,23784.61
664,Liam Millar,CAN,MF,3.93,243,114,19176.61
665,Ahmed Fatouh,EGY,DF,3.93,408,166,32856.27
666,Cesar Blackman,PAN,DF,3.91,180,64,18333.59
667,Malo Gusto,FRA,DF,3.91,55,22,5482.73
668,Matias Fernandez Pardo,BEL,FW,3.91,83,52,7102.68
669,Cecilio Waterman,PAN,FW,3.89,82,34,8772.9
670,Grant Hanley,SCO,DF,3.88,173,45,19774.95
671,Jurien Gaari,CUW,DF,3.83,151,71,17250.25
672,Abdulla Abdullaev,UZB,DF,3.82,191,57,19761.96
673,Fabinho,BRA,MF,3.79,117,36,9907.51
674,Aurelien Tchouameni,FRA,MF,3.79,637,155,45082.82
675,Anass Salah Eddine,MAR,DF,3.78,201,77,22567.1
676,Saleh Hardani,IRN,DF,3.78,105,37,10101.64
677,Ayoub Aloui,QAT,DF,3.76,170,55,15912.29
678,Besfort Zeneli,SWE,MF,3.75,137,51,8630.22
679,Tete Yengi,AUS,FW,3.74,59,20,4138.21
680,Ajdin Hrustic,AUS,FW,3.74,183,58,11460.39
681,Tshepang Moremi,RSA,FW,3.72,67,41,5585.39
682,Mattias Svanberg,SWE,MF,3.67,49,15,3157.11
683,Charles Pickel,COD,MF,3.67,77,35,5540.28
684,Noa Lang,NED,FW,3.65,35,12,2122.19
685,Rebin Sulaka,IRQ,DF,3.63,41,15,4423.46
686,Cedric Itten,SUI,FW,3.63,89,33,7441.56
687,Theo Hernandez,FRA,DF,3.63,248,108,25066.23
688,Sherzod Esanov,UZB,MF,3.6,15,6,657.16
689,Thomas Meunier,BEL,DF,3.58,363,157,27147.57
690,Alexander Prass,AUT,MF,3.55,61,28,4686.43
691,John Stones,ENG,DF,3.55,247,65,25655.73
692,Adil Boulbina,ALG,FW,3.53,54,21,3442.77
693,David Raum,GER,DF,3.53,198,85,13697.63
694,Garry Rodrigues,CPV,MF,3.53,123,50,10160.29
695,Justin Kluivert,NED,MF,3.51,60,20,3868.51
696,Simon Banza,COD,FW,3.47,70,23,5130.52
697,Manuel Neuer,GER,GK,3.47,82,19,25681.69
698,Yannick Semedo,CPV,MF,3.45,75,30,5295.67
699,Ardon Jashari,SUI,MF,3.45,158,53,10276.82
700,Jacob Italiano,AUS,DF,3.45,279,121,20985.37
701,Florian Grillitsch,AUT,MF,3.44,142,41,11799.4
702,Theo Bongonda,COD,MF,3.44,55,24,5477.05
703,Jesper Karlstrom,SWE,MF,3.44,199,48,16846.98
704,Moise Bombito,CAN,DF,3.44,212,72,21226.71
705,Armin Gigovic,BIH,MF,3.43,142,62,10900.97
706,Angus Gunn,SCO,GK,3.43,29,6,17506.02
707,Quinten Timber,NED,MF,3.41,96,29,7777.13
708,Orlando Gill,PAR,GK,3.4,49,5,31439.42
709,Phillip Mwene,AUT,DF,3.4,189,76,17929.88
710,Alexander Schlager,AUT,GK,3.4,81,20,23367.49
711,Gregor Kobel,SUI,GK,3.39,82,13,38006.08
712,Unai Simon,ESP,GK,3.38,121,41,40367.03
713,Nishan Velupillay,AUS,FW,3.37,140,53,9830.13
714,Seko Fofana,CIV,MF,3.37,168,54,11627.71
715,Waldemar Anton,GER,DF,3.37,98,35,7334.85
716,Jordan Pickford,ENG,GK,3.35,105,26,36148.96
717,Petar Musa,CRO,FW,3.35,160,61,13217.92
718,Dzenis Burnic,BIH,MF,3.35,37,11,3073.49
719,Brian Cipenga,COD,FW,3.34,210,112,17763.24
720,Patrick Wimmer,AUT,FW,3.34,54,23,4379.3
721,Gessime Yassine,MAR,MF,3.33,121,43,11281.33
722,Kamaldeen Sulemana,GHA,FW,3.32,172,75,14795.98
723,Nikola Vasilj,BIH,GK,3.31,34,7,22744.03
724,Meschack Elia,COD,FW,3.31,86,41,6530.78
725,Pervis Estupinan,ECU,DF,3.31,144,70,11017.23
726,Maxime Crepeau,CAN,GK,3.3,90,16,28143.54
727,Pape Matar Sarr,SEN,MF,3.29,157,44,10328.88
728,Mohamed Abdelmoneim,EGY,DF,3.29,26,10,1530.7
729,Jason Geria,AUS,DF,3.24,78,29,7925.03
730,Oumar Diakite,CIV,FW,3.24,46,22,4173.12
731,Sofyan Amrabat,MAR,MF,3.24,263,81,18860.83
732,Gilson Benchimol,CPV,FW,3.24,123,54,9993.83
733,Miro Muheim,SUI,DF,3.23,150,44,12070.06
734,Mostafa Shoubir,EGY,GK,3.23,60,14,29414.93
735,Jean Philippe Mateta,FRA,FW,3.2,44,23,4718.46
736,Mike Maignan,FRA,GK,3.18,97,12,37516.54
737,Joao Paulo,CPV,MF,3.17,122,58,12421.69
738,Jovo Lukic,BIH,FW,3.16,100,42,8269.19
739,Dodi Lukebakio,BEL,FW,3.16,232,101,20237.33
740,Jhon Cordoba,COL,FW,3.15,104,33,9864.95
741,Arthur Theate,BEL,DF,3.15,249,82,27207.18
742,Brandon Thomas Asante,GHA,FW,3.14,102,49,7440.82
743,Raul Rangel,MEX,GK,3.14,71,12,25833.63
744,Kim Seunggyu,KOR,GK,3.14,37,14,15687.05
745,Taha Ali,SWE,FW,3.13,61,26,4821.78
746,Eloy Room,CUW,GK,3.12,15,1,15611.7
747,Zineddine Belaid,ALG,DF,3.1,37,12,3781
748,Mahmoud Abunada,QAT,GK,3.1,20,2,16005.91
749,Ross Stewart,SCO,FW,3.1,22,7,1157.14
750,Ronwen Williams,RSA,GK,3.09,36,7,20708.63
752,Nadiem Amiri,GER,MF,3.08,80,26,5438.68
753,Alisson,BRA,GK,3.07,16,2,26656.8
754,Nico Schlotterbeck,GER,DF,3.07,158,40,15443.46
755,Ayumu Seko,JPN,DF,3.05,105,26,9712.91
756,Fiston Mayele,COD,FW,3.03,72,35,5777.74
757,Telmo Arcanjo,CPV,MF,3.03,58,27,6515.91
758,Philipp Lienhart,AUT,DF,3.03,212,58,20886.37
759,Ugurcan Cakir,TUR,GK,3.03,55,10,15872.23
760,Zion Suzuki,JPN,GK,3.02,38,5,20433.26
761,Orbelin Pineda,MEX,MF,3,87,32,5754.74
762,Junnosuke Suzuki,JPN,DF,3,68,34,5757.46
763,Malick Thiaw,GER,DF,3,69,20,5108.07
764,Bart Verbruggen,NED,GK,2.99,35,6,21588.04
765,Reece James,ENG,DF,2.99,239,96,26574.9
766,Orlando Mosquera,PAN,GK,2.98,31,11,15112.23
767,Lucas Herrington,AUS,DF,2.98,210,41,23286.35
768,Orjan Nyland,NOR,GK,2.97,60,6,32935.89
769,Ederson Silva,BRA,MF,2.93,63,33,4509.03
770,Yahia Fofana,CIV,GK,2.93,16,5,19966.03
771,Jovane Cabral,CPV,MF,2.92,190,61,14327.66
772,Alexandro Maidana,PAR,DF,2.91,101,38,8335.08
773,Timothy Weah,USA,FW,2.9,167,75,10834.46
774,Cameron Burgess,AUS,DF,2.9,147,33,15035.64
775,Ruben Neves,POR,MF,2.9,123,36,9241.31
776,Steve Kapuadi,COD,DF,2.9,211,60,19496.83
777,Vozinha,CPV,GK,2.89,44,9,21320.84
778,Wilfried Singo,CIV,DF,2.88,173,65,18230.23
779,Thibaut Courtois,BEL,GK,2.88,55,13,29790.48
780,Alberto Quintero,PAN,MF,2.86,17,8,1246.31
781,Matej Kovar,CZE,GK,2.86,19,2,14358.61
782,Kou Itakura,JPN,DF,2.86,116,34,13382.22
783,Stjepan Radeljic,BIH,DF,2.86,186,63,20111.1
784,Tsuyoshi Watanabe,JPN,DF,2.85,100,28,9543.84
785,Alex Arce,PAR,FW,2.85,122,46,7712.6
786,Goncalo Ramos,POR,FW,2.83,101,40,6429.87
787,Kojo Peprah Oppong,GHA,DF,2.83,63,16,5660.9
788,Evann Guessand,CIV,FW,2.82,32,14,2736.85
789,Jonathan Osorio,CAN,MF,2.82,29,11,2036.53
790,Ayoube Amaimouni,MAR,FW,2.77,73,35,4598.41
791,Marcos Llorente,ESP,DF,2.77,218,94,22236.39
792,Lionel Mpasi,COD,GK,2.77,37,7,18909.7
793,Matt Freese,USA,GK,2.76,26,6,24114.67
794,Kevin Castano,COL,MF,2.76,48,15,3167.34
795,Diogo Costa,POR,GK,2.76,40,8,23794.16
796,Inaki Williams,GHA,FW,2.75,117,64,12856.69
797,Irfan Can Kahveci,TUR,FW,2.74,13,6,1019.59
798,Mahmoud Saber,EGY,MF,2.74,123,30,6589.64
799,Emiliano Martinez,ARG,GK,2.72,56,12,31299.07
800,Haji Wright,USA,FW,2.72,7,4,549.32
801,Cucho Hernandez,COL,FW,2.7,99,31,7494.21
802,Kalidou Koulibaly,SEN,DF,2.65,167,44,16073.86
803,Derrick Luckassen,GHA,DF,2.64,147,39,18059.74
804,Yazeed Abulaila,JOR,GK,2.64,9,2,13586.57
805,Haissem Hassan,EGY,FW,2.64,184,62,15396.81
806,Joe Scally,USA,DF,2.63,164,53,11427.62
807,Patrick Beach,AUS,GK,2.62,23,5,19047.75
808,Axel Witsel,BEL,MF,2.62,84,21,5128.36
809,Yassine Bounou,MAR,GK,2.6,38,5,28036.99
810,Mojmir Chytil,CZE,FW,2.6,17,8,1627.26
811,Raphinha,BRA,FW,2.6,189,108,15809.52
812,Neymar Jr,BRA,FW,2.59,71,18,5846.42
813,Alireza Beiranvand,IRN,GK,2.59,19,0,13335.74
814,Vladimir Darida,CZE,MF,2.57,135,49,7507.52
815,Camilo Vargas,COL,GK,2.57,27,9,23127.14
816,Derrick Etienne,HAI,FW,2.56,26,8,1841.93
817,Aimar Sher,IRQ,MF,2.56,41,6,3139.09
818,Max Crocombe,NZL,GK,2.56,19,2,13059.58
819,Jamshid Iskanderov,UZB,MF,2.55,34,8,2148.93
820,Guillermo Martinez,MEX,FW,2.54,89,46,9361.92
821,Kristian Thorstvedt,NOR,MF,2.52,137,44,9451.89
822,Dominik Livakovic,CRO,GK,2.52,30,5,17297.82
823,Gustavo Caballero,PAR,MF,2.52,169,57,12413.4
824,Ismael Kone,CAN,MF,2.51,198,44,16975.03
825,Brandley Kuwas,CUW,FW,2.51,16,7,839.63
826,Johny Placide,HAI,GK,2.51,16,4,12868.53
827,Mohammed Alowais,KSA,GK,2.51,15,1,12844.17
828,Tyrese Noslin,CUW,FW,2.51,42,19,2453.07
829,Hernan Galindez,ECU,GK,2.51,25,3,17029
830,Mohammad Abuhasheesh,JOR,DF,2.5,25,12,1660.43
831,Fernando Muslera,URU,GK,2.5,22,7,11069.12
832,Antonio Sanabria,PAR,FW,2.48,113,45,9967.8
833,Kevin Yakob,IRQ,MF,2.45,47,15,3609.05
834,Auston Trusty,USA,DF,2.43,145,44,12844.54
835,Mortadha Ben Ouanes,TUN,DF,2.42,38,18,3378.97
836,Jarell Quansah,ENG,DF,2.42,147,56,12442.79
837,Diogo Dalot,POR,DF,2.42,86,39,7881.23
838,Youssef Amyn,IRQ,MF,2.41,52,18,3954.85
839,Mohammad Ghorbani,IRN,MF,2.39,191,53,12481.86
840,Sultan Mandash,KSA,FW,2.38,107,50,8464.47
841,Godfried Roemeratoe,CUW,MF,2.36,19,6,1454.14
842,Mohanad Ali,IRQ,FW,2.36,36,16,2367.96
843,David Zima,CZE,DF,2.36,23,9,2311.48
844,Ali Yousif,IRQ,FW,2.35,69,22,4539.67
845,Lucas Mendes,QAT,DF,2.35,17,9,1535
846,Mehdi Torabi,IRN,MF,2.34,65,18,3461.66
847,Denis Visinsky,CZE,FW,2.33,92,46,6956.61
848,Nico Paz,ARG,FW,2.32,110,39,9189.47
849,Yang Hyunjun,KOR,MF,2.31,37,21,2936.45
850,Almoez Ali,QAT,FW,2.3,38,11,2859.04
851,Kim Moonhwan,KOR,DF,2.29,109,52,8571.36
852,Abdulaziz Hatem,QAT,MF,2.28,86,28,5826.99
853,Azizbek Amonov,UZB,FW,2.27,36,16,2708.07
854,Arya Yousefi,IRN,DF,2.27,84,31,5813.32
855,Yassin Fortune,HAI,FW,2.25,24,5,1501.22
856,Saed Alrosan,JOR,DF,2.24,36,12,2425.08
857,Mohammad Abualnadi,JOR,DF,2.24,115,31,8415.95
858,Kenji Gorre,CUW,FW,2.2,32,8,2257.01
859,Ahmed Maknazi,IRQ,DF,2.2,55,16,4276.36
860,Gavi,ESP,MF,2.2,122,45,10707.89
861,Ali Alipour,IRN,FW,2.2,51,27,4655.69
862,Amer Jamous,JOR,MF,2.19,48,10,2136.97
863,Shurandy Sambo,CUW,DF,2.18,9,4,726.32
864,Stepan Chaloupek,CZE,DF,2.18,141,46,10873.66
865,Jose Manuel Lopez,ARG,FW,2.18,43,17,3081.24
866,Kaan Ayhan,TUR,MF,2.18,13,7,1239.03
867,Luca Jaquez,SUI,DF,2.18,96,39,9611.83
868,Hazem Mastouri,TUN,FW,2.17,106,39,10041.14
869,Castrop Jens,KOR,DF,2.16,40,32,5519.79
870,Rodrigo Aguirre,URU,FW,2.15,12,4,898.68
871,Hossam Abdelmaguid,EGY,DF,2.15,62,26,6751.69
872,Mohammad Aldaoud,JOR,MF,2.14,28,7,1620.24
873,Gustaf Nilsson,SWE,FW,2.14,11,2,713.65
874,Oguz Aydin,TUR,FW,2.13,103,55,10321.84
875,Matias Vina,URU,DF,2.12,71,30,5227.49
876,Aaron Hickey,SCO,DF,2.11,103,30,8361.39
877,Anibal Godoy,PAN,MF,2.1,18,4,1239.04
878,Jorge Gutierrez,PAN,DF,2.1,117,43,9490.21
879,David Doudera,CZE,DF,2.09,114,34,10486.58
880,Jorgen Strand Larsen,NOR,FW,2.08,120,47,11703.54
881,Farrukh Sayfiev,UZB,DF,2.07,71,31,5770.14
882,Callan Elliot,NZL,DF,2.07,19,8,1875.73
883,Dylan Bronn,TUN,DF,2.04,38,13,5012.71
884,Ahmed Alganehi,QAT,MF,2.04,51,24,4200.63
885,Kento Shiogai,JPN,FW,2.04,20,11,1755.39
886,Mustafa Saadoon,IRQ,DF,2.01,26,15,2482.84
887,Mory Diaw,SEN,GK,2,15,4,12541.47
888,Luca Zidane,ALG,GK,1.99,42,13,13382.13
889,Pascal Gross,GER,MF,1.99,58,15,3218.51
890,Ozan Kabak,TUR,DF,1.98,100,33,10366.33
891,Alhashmi Alhussein,QAT,DF,1.97,50,20,4072.3
892,Dan Burn,ENG,DF,1.97,31,8,3938.06
893,Sontje Hansen,CUW,FW,1.96,59,26,4910.75
894,Frans Putros,IRQ,DF,1.95,106,32,10283.22
895,Munaf Younus,IRQ,DF,1.95,63,22,8749.67
896,Kamogelo Sebelebele,RSA,FW,1.94,27,11,1742.93
897,Fidel Escobar,PAN,DF,1.93,106,45,9536.99
898,Ahmed Basil,IRQ,GK,1.87,10,2,7048.26
899,Scott Mckenna,SCO,DF,1.87,63,17,9598.73
900,Mehdi Ghayedi,IRN,FW,1.86,50,24,4683.23
901,Yuito Suzuki,JPN,MF,1.86,32,14,2226.64
902,Redouane Halhal,MAR,DF,1.86,154,62,19377.5
903,Khalid Alghannam,KSA,FW,1.85,10,4,790.29
904,Benjamin Asare,GHA,GK,1.85,8,2,10835.06
905,Baba Rahman,GHA,DF,1.83,2,1,168.97
906,Simon Adingra,CIV,FW,1.82,35,14,2769.08
907,Roshon Van Eijma,CUW,DF,1.82,18,5,1852.02
908,Yeremy Pino,ESP,FW,1.8,114,45,8846.84
909,Jalal Hassan,IRQ,GK,1.8,9,2,7078.62
910,Wout Weghorst,NED,FW,1.8,109,30,7013.96
911,Caglar Soyuncu,TUR,DF,1.8,9,3,1394.51
912,Abduvohid Nematov,UZB,GK,1.79,20,2,9231.32
913,Jean Michael Seri,CIV,MF,1.77,28,7,2281.37
914,Luka Sucic,CRO,MF,1.76,31,17,2774.75
915,Guus Til,NED,MF,1.75,56,28,4267.29
916,Marten De Roon,NED,MF,1.75,23,4,1374.64
917,Keisuke Goto,JPN,FW,1.75,15,10,1396.31
918,Awer Mabil,AUS,FW,1.75,55,20,3742.93
919,Mohamed Amoura,ALG,FW,1.74,57,24,3799.52
920,Maxence Lacroix,FRA,DF,1.73,186,53,17313.36
921,Assane Diao,SEN,FW,1.72,23,12,1835.5
922,Edouard Mendy,SEN,GK,1.72,18,2,9883.83
923,Angelo Stiller,GER,MF,1.71,85,18,5947.34
925,Jamie Leweling,GER,MF,1.71,55,20,4276.01
926,Yerry Mina,COL,DF,1.7,7,3,384.52
927,Ibrahim Adel,EGY,FW,1.7,18,8,1006.49
928,Gedeon Kalulu,COD,DF,1.7,20,6,1186.84
929,Riechedly Bazoer,CUW,DF,1.69,60,15,8506.82
930,Kendry Paez,ECU,MF,1.69,33,15,2319.6
931,Wagner Pina,CPV,DF,1.68,134,74,11150.18
932,Bamba Dieng,SEN,FW,1.68,28,15,1882.12
933,Carl Starfelt,SWE,DF,1.66,8,3,1116.66
934,Mathew Leckie,AUS,FW,1.64,100,31,7358.47
936,Duckens Nazon,HAI,FW,1.63,27,8,2597.09
937,Maximilian Beier,GER,FW,1.62,46,16,3573.92
938,Alex Zendejas,USA,FW,1.62,53,20,3064.71
939,Fares Ghedjemis,ALG,FW,1.62,5,4,300.02
940,Bara Sapoko Ndiaye,SEN,MF,1.62,56,15,3984.92
941,Amir Hadziahmetovic,BIH,MF,1.61,21,5,1349.67
942,Kai Trewin,AUS,DF,1.6,98,41,8815.94
943,Christopher Operi,CIV,DF,1.6,142,55,10698.42
944,Nadhir Benbouali,ALG,FW,1.6,66,35,5586.09
945,Shuto Machino,JPN,FW,1.59,27,8,2487.67
946,Jacob Widell Zetterstrom,SWE,GK,1.58,17,8,10559.21
947,Aymen Dahmen,TUN,GK,1.57,9,0,7797.05
948,Takefusa Kubo,JPN,MF,1.57,85,32,7808.85
949,Samed Bazdar,BIH,FW,1.57,28,13,3649.89
950,Andres Gomez,COL,FW,1.56,16,6,1042.07
951,Alan Minda,ECU,MF,1.55,80,31,6170.77
952,Fabian Balbuena,PAR,DF,1.55,2,1,90.04
953,Jorrel Hato,NED,DF,1.55,45,17,4437.91
954,Jordy Alcivar,ECU,MF,1.54,63,23,5065.44
955,Yaimar Medina,ECU,DF,1.52,58,28,5486.23
956,Francisco Trincao,POR,FW,1.52,56,32,4066.95
957,Samir Chergui,ALG,DF,1.52,20,6,2625.06
958,Ken Sema,SWE,MF,1.52,22,7,2294.51
959,Dennis Hadzikadunic,BIH,DF,1.52,32,11,3338.81
960,Brenden Aaronson,USA,FW,1.5,127,70,10271.7
961,Lyle Foster,RSA,FW,1.49,66,16,5968.5
962,Cesar Huerta,MEX,FW,1.49,21,7,1580.4
964,Mathieu Choiniere,CAN,MF,1.48,132,43,7597.41
965,Kristoffer Nordfeldt,SWE,GK,1.47,8,1,9861.15
966,Luka Vuskovic,CRO,DF,1.47,81,21,7008.12
967,Jordan Henderson,ENG,MF,1.46,35,6,1790.68
968,Alex Sandro,BRA,DF,1.45,31,8,1822.47
969,Christian Fassnacht,SUI,FW,1.42,31,14,1743.81
970,Alejandro Romero Gamarra,PAR,FW,1.41,35,11,2181.02
971,Ramon Sosa,PAR,MF,1.41,36,16,2289.64
972,Alphonso Davies,CAN,DF,1.4,37,17,2589.59
973,Nick Woltemade,GER,FW,1.4,37,13,4199.08
974,Nkosinathi Sibisi,RSA,DF,1.39,101,38,9387.59
975,Matheus Nunes,POR,MF,1.39,6,2,432.75
976,Jens Petter Hauge,NOR,MF,1.39,26,14,1718.66
977,Jayden Nelson,CAN,FW,1.39,19,5,1462.29
978,Igor Thiago,BRA,FW,1.38,95,43,7498.81
979,Abdoulaye Seck,SEN,DF,1.38,51,16,6142.53
980,Alidu Seidu,GHA,DF,1.36,73,34,8378.97
981,Miles Robinson,USA,DF,1.36,134,43,11909.05
982,Lawrence Ati Zigi,GHA,GK,1.36,7,1,7025.37
983,Marco Friedl,AUT,DF,1.36,30,12,2757.1
984,Ousmane Diomande,CIV,DF,1.35,75,24,8979.4
985,Haris Tabakovic,BIH,FW,1.34,12,3,2264.93
986,Jackson Porozo,ECU,DF,1.33,28,13,3226.38
987,Samu Costa,POR,DF,1.32,33,7,2859.94
988,Isidro Pitta,PAR,FW,1.31,77,23,6037.06
989,Mark Mckenzie,USA,DF,1.3,148,50,11338
990,Ollie Watkins,ENG,FW,1.27,26,9,1546.81
991,Zakaria El Ouahdi,MAR,DF,1.25,36,15,2847.13
992,Mateo Chavez,MEX,DF,1.24,96,41,8450.23
993,Roger Ibanez,BRA,DF,1.24,65,30,5075.62
994,Morten Thorsby,NOR,MF,1.23,107,30,6152.57
995,Alexis Vega,MEX,FW,1.22,28,10,1915.42
996,Deiver Machado,COL,DF,1.22,117,56,10069.09
997,Tomas Araujo,POR,DF,1.22,113,39,10213.3
998,Santiago Arias,COL,DF,1.21,80,50,9047.2
999,Luiz Henrique,BRA,FW,1.2,60,26,3896.86
1000,Sergio Rochet,URU,GK,1.2,6,3,3079.43
1001,Marcus Thuram,FRA,FW,1.18,5,2,295.8
1002,Maghnes Akliouche,FRA,MF,1.18,24,5,1369.75
1003,Armando Gonzalez,MEX,FW,1.18,25,14,2086.01
1004,Ayoub El Kaabi,MAR,FW,1.16,108,59,8709.76
1005,Giovani Lo Celso,ARG,MF,1.16,123,23,7525.5
1006,Fredrik Andre Bjorkan,NOR,DF,1.15,70,29,5776.79
1007,Felix Torres,ECU,DF,1.15,5,0,989.25
1008,Valentin Barco,ARG,MF,1.14,41,14,2814.61
1009,Braian Ojeda,PAR,MF,1.14,31,13,2756.42
1010,Noah Okafor,SUI,FW,1.13,38,11,2914.43
1011,Borja Iglesias,ESP,FW,1.12,6,2,251.6
1012,Thelo Aasgaard,NOR,MF,1.11,127,39,11184.96
1013,Giuliano Simeone,ARG,FW,1.1,102,40,8279.41
1014,Luis Chavez,MEX,MF,1.09,42,16,2876.74
1015,Max Arfsten,USA,DF,1.09,1,2,231.95
1016,Diego Moreira,BEL,MF,1.04,109,55,8031.47
1017,Marc Pubill,ESP,DF,1.04,6,3,455.66
1018,Warren Zaire Emery,FRA,MF,1.01,40,13,3061.82
1019,Exequiel Palacios,ARG,MF,1,113,37,10029.01
1020,Joaquin Seys,BEL,DF,1,34,13,3681.35
1021,Eray Coemert,SUI,DF,1,32,11,3959.81
1022,Sondre Langas,NOR,DF,0.99,26,11,2880.7
1023,Henrik Falchener,NOR,DF,0.97,64,23,6891.96
1024,Utkir Yusupov,UZB,GK,0.96,7,1,5094.43
1025,Mathew Ryan,AUS,GK,0.95,2,0,206.87
1026,Marcos Senesi,ARG,DF,0.94,86,25,9406.52
1028,Ibrahima Konate,FRA,DF,0.85,18,3,1968.45
1029,Mouhib Chamakh,TUN,GK,0.77,4,0,3891.4
1030,Guillermo Ochoa,MEX,GK,0.74,5,0,1147.02
1031,Oussama Benbot,ALG,GK,0.71,6,0,4787.6
1032,Matt Turner,USA,GK,0.68,20,2,5939.08
1033,Senne Lammens,BEL,GK,0.61,4,1,1607.37
1034,Egil Selvik,NOR,GK,0.5,5,0,4989.63
1035,Kobbie Mainoo,ENG,MF,0,0,0,0
1035,Nikola Moro,CRO,MF,0,0,0,0
1035,Koni De Winter,BEL,DF,0,0,0,0
1035,Patrick Pentz,AUT,GK,0,0,0,0
1035,Duje Caleta Car,CRO,DF,0,0,0,0
1035,Ngolo Kante,FRA,MF,0,0,0,0
1035,Oliver Baumann,GER,GK,0,0,0,0
1035,Lucas Hernandez,FRA,DF,0,0,0,0
1035,Toni Fruk,CRO,MF,0,0,0,0
1035,Mike Penders,BEL,GK,0,0,0,0
1035,Dominik Kotarski,CRO,GK,0,0,0,0
1035,Jose Sa,POR,GK,0,0,0,0
1035,Robin Roefs,NED,GK,0,0,0,0
1035,Goncalo Inacio,POR,DF,0,0,0,0
1035,Martin Erlic,CRO,DF,0,0,0,0
1035,Alessandro Schoepf,AUT,MF,0,0,0,0
1035,David Affengruber,AUT,DF,0,0,0,0
1035,Zeno Debast,BEL,DF,0,0,0,0
1035,Assan Ouedraogo,GER,MF,0,0,0,0
1035,Brice Samba,FRA,GK,0,0,0,0
1035,Rui Silva,POR,GK,0,0,0,0
1035,Lutsharel Geertruida,NED,DF,0,0,0,0
1035,Michael Svoboda,AUT,DF,0,0,0,0
1035,Dejan Ljubicic,AUT,MF,0,0,0,0
1035,Ivan Toney,ENG,FW,0,0,0,0
1035,Goncalo Guedes,POR,FW,0,0,0,0
1035,Alexander Nuebel,GER,GK,0,0,0,0
1035,Mark Flekken,NED,GK,0,0,0,0
1035,Sander Tangvik,NOR,GK,0,0,0,0
1035,James Trafford,ENG,GK,0,0,0,0
1035,Mats Wieffer,NED,DF,0,0,0,0
1035,Florian Wiegele,AUT,GK,0,0,0,0
1035,Craig Gordon,SCO,GK,0,0,0,0
1035,Kristijan Jakic,CRO,DF,0,0,0,0
1035,Trevoh Chalobah,ENG,DF,0,0,0,0
1035,Dean Henderson,ENG,GK,0,0,0,0
1035,Robin Risser,FRA,GK,0,0,0,0
1035,Ivor Pandur,CRO,GK,0,0,0,0
1035,Carlos Acevedo,MEX,GK,0,0,0,0
1035,Jorge Carrascal,COL,MF,0,0,0,0
1035,Willer Ditta,COL,DF,0,0,0,0
1035,Denil Castillo,ECU,MF,0,0,0,0
1035,Rodrigo Zalazar,URU,MF,0,0,0,0
1035,Ederson,BRA,GK,0,0,0,0
1035,Gaston Olveira,PAR,GK,0,0,0,0
1035,Edgardo Farina,PAN,DF,0,0,0,0
1035,Facundo Pellistri,URU,FW,0,0,0,0
1035,Gatito Fernandez,PAR,GK,0,0,0,0
1035,Moises Ramirez,ECU,GK,0,0,0,0
1035,Emiliano Martinez,URU,MF,0,0,0,0
1035,Cesar Samudio,PAN,GK,0,0,0,0
1035,Jeremy Arevalo,ECU,FW,0,0,0,0
1035,Adalberto Carrasquilla,PAN,MF,0,0,0,0
1035,Gonzalo Valle,ECU,GK,0,0,0,0
1035,Ronald Araujo,URU,DF,0,0,0,0
1035,Juan Musso,ARG,GK,0,0,0,0
1035,Anthony Valencia,ECU,MF,0,0,0,0
1035,Weverton,BRA,GK,0,0,0,0
1035,Joaquin Piquerez,URU,MF,0,0,0,0
1035,Cesar Yanis,PAN,MF,0,0,0,0
1035,Geronimo Rulli,ARG,GK,0,0,0,0
1035,Cristian Roldan,USA,MF,0,0,0,0
1035,Leo Pereira,BRA,DF,0,0,0,0
1035,Santiago Mele,URU,GK,0,0,0,0
1035,Luis Mejia,PAN,GK,0,0,0,0
1035,Giorgian De Arrascaeta,URU,MF,0,0,0,0
1035,Bremer,BRA,DF,0,0,0,0
1035,Chris Brady,USA,GK,0,0,0,0
1035,Jose Maria Gimenez,URU,DF,0,0,0,0
1035,David Ospina,COL,GK,0,0,0,0
1035,Santiago Bueno,URU,DF,0,0,0,0
1035,Alvaro Montero,COL,GK,0,0,0,0
1035,Roderick Miller,PAN,DF,0,0,0,0
1035,Juan Portilla,COL,MF,0,0,0,0
1035,Hossein Hosseini,IRN,GK,0,0,0,0
1035,Aaron Tshibola,COD,MF,0,0,0,0
1035,Salah Zakaria,QAT,GK,0,0,0,0
1035,Abdallah Alfakhori,JOR,GK,0,0,0,0
1035,Jehad Thikri,KSA,DF,0,0,0,0
1035,Cho Wije,KOR,DF,0,0,0,0
1035,Keisuke Osako,JPN,GK,0,0,0,0
1035,Roozbeh Cheshmi,IRN,MF,0,0,0,0
1035,Saleh Alshehri,KSA,FW,0,0,0,0
1035,Kim Taehyeon,KOR,DF,0,0,0,0
1035,Achref Abada,ALG,DF,0,0,0,0
1035,Gael Kakuta,COD,FW,0,0,0,0
1035,Meshaal Barsham,QAT,GK,0,0,0,0
1035,Song Bumkeun,KOR,GK,0,0,0,0
1035,Ibrahim Sadeh,JOR,MF,0,0,0,0
1035,Nour Baniateyah,JOR,GK,0,0,0,0
1035,Nawaf Alaqidi,KSA,GK,0,0,0,0
1035,Ziyad Aljohani,KSA,MF,0,0,0,0
1035,Payam Niazmand,IRN,GK,0,0,0,0
1035,Marcio Rosa,CPV,GK,0,0,0,0
1035,Melvin Mastil,ALG,GK,0,0,0,0
1035,Aiman Yahya,KSA,FW,0,0,0,0
1035,Amirmohammad Razaghinia,IRN,MF,0,0,0,0
1035,Jo Hyeonwoo,KOR,GK,0,0,0,0
1035,Dylan Batubinsika,COD,DF,0,0,0,0
1035,Tahsin Mohammed,QAT,FW,0,0,0,0
1035,Cj Dos Santos,CPV,GK,0,0,0,0
1035,Rajaei Ayed,JOR,MF,0,0,0,0
1035,Matthieu Epolo,COD,GK,0,0,0,0
1035,Yassine Titraoui,ALG,MF,0,0,0,0
1035,Bae Junho,KOR,MF,0,0,0,0
1035,Stopira,CPV,DF,0,0,0,0
1035,Mohamed Amine Tougai,ALG,DF,0,0,0,0
1035,Ali Majrashi,KSA,DF,0,0,0,0
1035,Danial Iri,IRN,DF,0,0,0,0
1035,Hassan Kadish,KSA,DF,0,0,0,0
1035,Logan Costa,CPV,DF,0,0,0,0
1035,Tomoki Hayakawa,JPN,GK,0,0,0,0
1035,Anas Badawi,JOR,DF,0,0,0,0
1035,Dennis Dargahi,IRN,FW,0,0,0,0
1035,Mohammad Abughoush,JOR,MF,0,0,0,0
1035,Lee Donggyeong,KOR,MF,0,0,0,0
1035,Timothy Fayulu,COD,GK,0,0,0,0
1035,Mohammed Muntari,QAT,FW,0,0,0,0
1035,Fahad Talib,IRQ,GK,0,0,0,0
1035,Ahmed Alkassar,KSA,GK,0,0,0,0
1035,George Hirst,SCO,FW,0,0,0,0
1035,Alex Paulsen,NZL,GK,0,0,0,0
1035,Alex Grimaldo,ESP,DF,0,0,0,0
1035,Paul Izzo,AUS,GK,0,0,0,0
1035,Altay Bayindir,TUR,GK,0,0,0,0
1035,Jan Kuchta,CZE,FW,0,0,0,0
1035,Tyler Fletcher,SCO,MF,0,0,0,0
1035,David Jurasek,CZE,DF,0,0,0,0
1035,Victor Munoz,ESP,FW,0,0,0,0
1035,Viktor Johansson,SWE,GK,0,0,0,0
1035,Martin Zubimendi,ESP,MF,0,0,0,0
1035,Marvin Keller,SUI,GK,0,0,0,0
1035,Lukas Hornicek,CZE,GK,0,0,0,0
1035,Logan Rogerson,NZL,FW,0,0,0,0
1035,Michael Woud,NZL,GK,0,0,0,0
1035,Nando Pijnaker,NZL,DF,0,0,0,0
1035,Yvon Mvogo,SUI,GK,0,0,0,0
1035,Cameron Devlin,AUS,MF,0,0,0,0
1035,David Raya,ESP,GK,0,0,0,0
1035,Hugo Sochurek,CZE,MF,0,0,0,0
1035,Dominic Hyam,SCO,DF,0,0,0,0
1035,Samet Akaydin,TUR,DF,0,0,0,0
1035,John Souttar,SCO,DF,0,0,0,0
1035,Ben Waine,NZL,FW,0,0,0,0
1035,Joan Garcia,ESP,GK,0,0,0,0
1035,Avazbek Ulmasaliyev,UZB,DF,0,0,0,0
1035,Jindrich Stanek,CZE,GK,0,0,0,0
1035,Umar Eshmurodov,UZB,DF,0,0,0,0
1035,Nihad Mujakic,BIH,DF,0,0,0,0
1035,Kosta Barbarouses,NZL,FW,0,0,0,0
1035,Mert Gunok,TUR,GK,0,0,0,0
1035,Hjalmar Ekdal,SWE,DF,0,0,0,0
1035,Alex Rufer,NZL,MF,0,0,0,0
1035,Milos Degenek,AUS,DF,0,0,0,0
1035,Lachlan Bayliss,NZL,MF,0,0,0,0
1035,Aurele Amenda,SUI,DF,0,0,0,0
1035,Liam Kelly,SCO,GK,0,0,0,0
1035,Herman Johansson,SWE,DF,0,0,0,0
1035,Eric Garcia,ESP,DF,0,0,0,0
1035,Eric Smith,SWE,DF,0,0,0,0
1035,Botirali Ergashev,UZB,GK,0,0,0,0
1035,Cherif Ndiaye,SEN,FW,0,0,0,0
1035,Khulumani Ndamane,RSA,DF,0,0,0,0
1035,Christopher Bonsu Baah,GHA,FW,0,0,0,0
1035,Raed Chikhaoui,TUN,DF,0,0,0,0
1035,Woodensky Pierre,HAI,MF,0,0,0,0
1035,Munir El Kajoui,MAR,GK,0,0,0,0
1035,Kelvin Pires,CPV,DF,0,0,0,0
1035,Mamadou Sarr,SEN,DF,0,0,0,0
1035,Samukele Kabini,RSA,DF,0,0,0,0
1035,Rayan Elloumi,TUN,FW,0,0,0,0
1035,Sabri Ben Hessen,TUN,GK,0,0,0,0
1035,Nabil Donga,EGY,MF,0,0,0,0
1035,Yehvann Diouf,SEN,GK,0,0,0,0
1035,Alfie Jones,CAN,DF,0,0,0,0
1035,Mahdy Soliman,EGY,GK,0,0,0,0
1035,Mohamed Elshenawy,EGY,GK,0,0,0,0
1035,Bradley Cross,RSA,DF,0,0,0,0
1035,Mohamed Kone,CIV,GK,0,0,0,0
1035,Alban Lafont,CIV,GK,0,0,0,0
1035,Adam Arous,TUN,DF,0,0,0,0
1035,Markhus Lacroix,HAI,DF,0,0,0,0
1035,Owen Goodman,CAN,GK,0,0,0,0
1035,Ahmed Reda Tagnaouti,MAR,GK,0,0,0,0
1035,Sipho Chaine,RSA,GK,0,0,0,0
1035,Thabang Matuludi,RSA,DF,0,0,0,0
1035,Tarek Alaa,EGY,DF,0,0,0,0
1035,Ricardo Goss,RSA,GK,0,0,0,0
1035,Olwethu Makhanya,RSA,DF,0,0,0,0
1035,Evan Ndicka,CIV,DF,0,0,0,0
1035,Khalil Ayari,TUN,MF,0,0,0,0
1035,Abdul Mumin,GHA,DF,0,0,0,0
1035,Augustine Boakye,GHA,MF,0,0,0,0
1035,Mohamed Alaa,EGY,GK,0,0,0,0
1035,Joseph Anang,GHA,GK,0,0,0,0
1035,Keeto Thermoncy,HAI,DF,0,0,0,0
1035,Joel Waterman,CAN,DF,0,0,0,0
1035,Dayne St Clair,CAN,GK,0,0,0,0
1035,Wilguens Paugain,HAI,DF,0,0,0,0
1035,Moutaz Neffati,TUN,DF,0,0,0,0
1035,Josue Duverger,HAI,GK,0,0,0,0
1035,Alexandre Pierre,HAI,GK,0,0,0,0
1035,Youssef Belammari,MAR,DF,0,0,0,0
1035,Carl Sainte,HAI,MF,0,0,0,0
1035,Antoine Mendy,SEN,DF,0,0,0,0
1035,Garven Metusala,HAI,DF,0,0,0,0
1035,Parfait Guiagon,CIV,MF,0,0,0,0
1035,Kevin Felida,CUW,MF,0,0,0,0
1035,Martin Zlomislic,BIH,GK,0,0,0,0
1035,Arjany Martha,CUW,MF,0,0,0,0
1035,Mladen Jurkas,BIH,GK,0,0,0,0
1035,Tyrick Bodak,CUW,GK,0,0,0,0
1035,Trevor Doornbusch,CUW,GK,0,0,0,0
